Alimento,Categoria,Quant. (g),Energia (kcal),CHO (g),PTN (g),LIP (g),Fibra (g),Colesterol (mg),AG-Sat. (g),AG-Mono. (g),AG-Poli. (g),? 6 (g),? 3 (g),AG-trans (g),Ca (mg),Mg (mg),Mn (mcg),P (mg),Fe (mg),Na (mg),K (mg),Cu (mg),Zn (mg),Sel (mcg),Vit. A (mcg),Vit. B1 (mg),Vit. B2 (mg),Vit. B3 (mg),Vit. B5 (mg),Vit. B6 (mg),Vit. B12 (mcg),Vit. B9 (mcg),Vit. D (mcg),Vit. E (mg),Vit. C (mg)
Abacate,Frutas,100,75.00,5.84,1.15,6.21,4.03,0.00,1.70,3.18,1.04,1.58,0.10,0.00,7.16,17.00,0.15,18.50,0.17,0.00,174.00,0.12,0.23,0.20,3.11,0.00,0.04,0.00,-,0.00,0.00,41.50,0.00,0.02,7.32
Abacaxi (polpa),Frutas,100,49.00,11.60,0.68,0.33,1.12,0.00,0.02,0.03,0.10,0.02,0.02,0.00,18.40,16.60,1.49,10.50,0.47,2.84,137.00,0.12,0.15,0.41,1.00,0.17,0.02,0.00,-,0.00,0.00,11.30,0.00,0.05,33.10
Abiu,Frutas,100,65.00,14.90,0.83,0.70,1.70,0.00,0.30,0.10,0.10,0.10,0.02,0.00,5.78,9.30,0.08,20.30,0.16,0.00,128.00,0.09,0.10,0.00,0.00,0.00,0.04,0.00,-,0.05,0.00,0.00,0.00,0.00,10.30
Açaí,Frutas,100,67.00,7.66,0.90,5.01,5.89,0.00,1.01,3.43,0.32,0.00,0.00,0.00,20.80,20.90,7.57,20.20,0.59,1.69,110.00,0.20,0.23,0.70,14.30,0.00,0.04,0.00,-,0.08,0.00,0.00,0.00,14.80,42.00
Acerola,Frutas,100,30.00,6.89,0.71,0.38,1.75,0.00,0.09,0.10,0.11,0.05,0.04,0.00,36.80,10.90,0.05,21.40,0.00,0.67,138.00,0.05,0.11,0.58,103.00,0.00,0.07,0.69,-,0.00,0.00,13.60,0.00,0.00,1505.00
Ameixa,Frutas,100,54.00,13.80,0.77,0.00,2.43,0.00,0.00,0.00,0.00,0.04,0.00,0.00,5.72,5.48,0.03,13.90,0.10,0.00,134.00,0.06,0.05,0.00,15.20,0.07,0.00,0.00,-,0.03,0.00,5.95,0.00,0.05,7.63
Ameixa seca,Frutas,100,253.00,63.90,2.18,0.38,7.10,0.00,0.09,0.05,0.06,0.04,0.00,0.00,43.00,41.00,0.30,69.00,0.93,2.00,732.00,0.28,0.44,0.30,39.00,0.05,0.19,1.88,-,0.21,0.00,4.00,0.00,0.43,0.60
Amora preta,Frutas,100,35.00,6.74,1.39,0.49,0.49,0.00,0.01,0.05,0.28,0.19,0.09,0.00,21.80,15.00,0.00,16.50,0.47,0.75,121.00,0.00,0.40,0.00,11.00,0.02,0.02,0.49,-,0.02,0.00,18.80,0.00,1.17,15.80
Atemóia,Frutas,100,103.00,25.30,0.97,0.30,2.14,0.00,0.10,0.00,0.10,0.05,0.04,0.00,22.80,24.80,0.16,23.40,0.16,0.79,300.00,0.17,0.19,0.00,0.00,0.09,0.07,1.58,-,0.07,0.00,0.00,0.00,0.00,10.10
Banana da terra (assada),Frutas,100,164.00,39.70,1.69,0.28,1.80,0.00,0.09,0.00,0.00,0.05,0.03,0.00,3.67,34.90,0.19,30.10,0.35,0.00,348.00,0.04,0.06,0.19,119.00,0.03,0.02,0.00,-,0.16,0.00,20.40,0.00,0.09,14.90
Banana da terra,Frutas,100,139.00,33.70,1.43,0.24,1.53,0.00,0.08,0.00,0.00,0.05,0.03,0.00,3.28,29.60,0.84,25.50,0.29,0.00,328.00,0.05,0.16,0.30,119.00,0.03,0.02,0.00,-,0.14,0.00,23.00,0.00,0.07,15.70
Banana maçã,Frutas,100,108.00,26.30,1.49,0.27,2.38,0.00,0.09,0.00,0.00,0.05,0.03,0.00,3.73,27.50,0.69,33.20,0.23,0.00,306.00,0.13,0.14,0.13,3.21,0.00,0.00,0.00,-,0.17,0.00,22.90,0.00,0.06,12.10
Banana prata,Frutas,100,106.00,25.90,1.11,0.28,1.95,0.00,0.09,0.00,0.06,0.05,0.03,0.00,6.18,29.20,0.42,22.20,0.38,0.00,357.00,0.05,0.15,0.10,16.20,0.00,0.02,0.00,-,0.10,0.00,22.40,0.00,0.08,21.60
Cacau,Frutas,100,78.00,19.40,0.95,0.14,2.19,0.00,0.00,0.00,0.00,0.00,0.00,0.00,12.10,24.60,0.04,9.34,0.26,0.70,71.60,0.15,0.59,0.00,0.00,0.25,0.00,0.00,-,0.04,0.00,0.00,0.00,0.00,13.60
Cajá,Frutas,100,45.00,11.40,1.28,0.00,2.58,0.00,0.00,0.00,0.00,0.00,0.00,0.00,12.70,11.30,0.05,24.50,0.15,1.44,119.00,0.02,0.18,0.00,0.00,0.11,0.00,0.00,-,0.05,0.00,0.00,0.00,0.00,26.70
Caju (polpa),Frutas,100,39.00,9.35,0.48,0.15,0.81,0.00,0.00,0.00,0.00,0.00,0.00,0.00,0.84,7.07,0.05,9.77,0.15,4.16,87.70,0.07,0.08,0.00,9.09,0.00,0.02,2.25,-,0.00,0.00,0.00,0.00,0.00,118.00
Caqui,Frutas,100,67.00,18.30,0.48,0.20,4.56,0.00,0.02,0.04,0.05,0.04,0.04,0.00,12.70,7.07,3.73,17.60,0.09,2.09,156.00,0.00,0.11,0.20,119.00,0.00,0.00,0.00,-,0.03,0.00,7.89,0.00,0.77,20.60
Carambola,Frutas,100,46.00,11.50,0.87,0.18,2.03,0.00,0.01,0.02,0.10,0.16,0.03,0.00,4.79,7.36,0.13,10.70,0.20,4.09,132.00,0.08,0.24,0.42,1.65,0.12,0.00,0.00,-,0.00,0.00,8.32,0.00,0.08,60.90
Cereja,Frutas,100,65.00,16.00,1.06,0.20,2.10,0.00,0.04,0.05,0.05,0.03,0.03,0.00,64.00,11.00,0.07,21.00,0.36,0.00,222.00,0.06,0.07,2.00,3.00,0.03,0.03,0.15,-,0.05,0.00,4.00,0.00,0.07,7.00
Ciriguela,Frutas,100,76.00,18.90,1.40,0.36,3.90,0.00,0.20,0.00,0.10,0.07,0.03,0.00,27.40,18.00,0.06,48.60,0.36,1.68,248.00,0.12,0.53,0.00,0.00,0.14,0.00,0.00,-,0.00,0.00,0.00,0.00,0.00,27.00
Chanberry,Frutas,100,43.70,12.00,0.46,0.13,3.60,0.00,0.01,0.02,0.06,-,-,0.00,8.00,6.00,0.27,11.00,0.23,2.00,80.00,0.06,0.09,0.10,3.00,0.01,0.02,0.10,-,0.06,0.00,1.00,0.00,1.32,14.00
Cupuaçu,Frutas,100,52.00,10.50,1.11,1.25,2.42,0.00,0.52,0.26,0.13,0.03,0.09,0.00,8.90,13.50,0.13,16.30,0.40,1.96,294.00,0.12,0.35,0.70,0.00,0.37,0.04,4.34,-,0.07,0.00,0.00,0.00,0.00,24.50
Damasco seco,Frutas,100,254.00,62.70,3.39,0.51,7.30,0.00,0.02,0.07,0.07,-,-,0.00,55.00,32.00,0.24,71.00,2.66,10.00,1162.00,0.34,0.39,2.20,10.00,0.02,0.07,2.59,-,0.14,0.00,10.00,0.00,4.33,1.00
Figo,Frutas,100,42.00,10.20,0.97,0.16,1.79,0.00,0.03,0.03,0.08,0.14,0.00,0.00,27.40,11.30,0.06,14.60,0.20,0.00,174.00,0.13,0.09,0.11,3.70,0.05,0.00,0.00,-,0.00,0.00,3.39,0.00,0.06,0.79
Framboesa,Frutas,100,45.40,11.90,1.20,0.65,6.50,0.00,0.19,0.06,0.38,-,-,0.00,25.00,22.00,0.67,29.00,0.69,1.00,151.00,0.09,0.42,0.20,2.00,0.03,0.04,0.60,-,0.06,0.00,21.00,0.00,0.87,26.20
Fruta pão,Frutas,100,63.00,17.20,1.08,0.19,5.55,0.00,0.10,0.00,0.00,0.05,0.02,0.00,33.70,24.00,0.04,27.40,0.23,0.80,188.00,0.07,0.13,0.39,0.00,0.03,0.00,0.00,-,0.00,0.00,9.13,0.00,0.08,9.87
Goiaba branca,Frutas,100,45.00,12.30,0.79,0.51,5.98,0.00,0.06,0.00,0.24,0.29,0.11,0.00,4.93,6.94,0.07,16.20,0.17,0.00,216.00,0.04,0.15,0.40,16.80,0.00,0.00,0.00,-,0.03,0.00,36.00,0.00,0.39,97.70
Goiaba vermelha,Frutas,100,50.00,13.30,0.92,0.54,5.59,0.00,0.07,0.00,0.32,0.29,0.11,0.00,7.18,9.60,0.10,17.00,0.19,0.00,218.00,0.04,0.17,0.40,57.70,0.00,0.00,0.00,-,0.03,0.00,43.40,0.00,0.41,89.10
Graviola,Frutas,100,64.00,15.80,0.85,0.21,1.91,0.00,0.00,0.10,0.00,0.01,0.02,0.00,40.10,23.50,0.08,19.20,0.17,4.16,249.00,0.04,0.13,0.00,0.00,0.17,0.12,0.00,-,0.03,0.00,0.00,0.00,0.00,19.10
Jabuticaba,Frutas,100,60.00,15.30,0.61,0.13,2.30,0.00,0.00,0.00,0.00,0.16,0.09,0.00,8.35,17.80,0.30,14.50,0.09,0.00,129.00,0.07,0.28,0.00,0.00,0.06,0.00,0.00,-,0.00,0.00,0.00,0.00,0.00,16.20
Jaca,Frutas,100,93.00,22.50,1.40,0.26,2.39,0.00,0.10,0.10,0.00,0.06,0.02,0.00,11.20,40.10,0.48,13.90,0.38,1.80,233.00,0.09,0.17,0.00,0.00,0.10,0.04,0.00,-,0.05,0.00,22.50,0.00,0.14,14.80
Jambo,Frutas,100,19.00,6.49,0.89,0.07,5.07,0.00,0.00,0.00,0.00,0.00,0.00,0.00,13.80,14.20,0.05,18.40,0.14,21.70,134.00,0.02,0.11,0.00,0.00,0.08,0.00,1.18,-,0.00,0.00,0.00,0.00,0.00,3.77
Jamelão,Frutas,100,42.00,10.60,0.55,0.11,1.78,0.00,0.00,0.00,0.00,0.16,0.09,0.00,3.09,2.16,0.00,4.12,0.05,1.37,394.00,0.03,0.05,0.00,0.00,0.17,0.00,0.00,-,0.12,0.00,0.00,0.00,0.00,27.10
Kiwi,Frutas,100,58.00,12.70,1.25,1.00,2.92,0.00,0.09,0.16,0.56,0.25,0.04,0.00,27.90,11.20,0.06,36.40,0.28,0.00,295.00,0.16,0.12,0.10,2.71,0.00,0.00,0.00,-,0.06,0.00,22.90,0.00,2.80,70.80
Laranja baía,Frutas,100,47.00,11.10,0.91,0.28,1.46,0.00,0.00,0.00,0.00,0.02,0.01,0.00,34.60,9.01,0.04,23.00,0.14,0.00,170.00,0.04,0.06,0.30,2.04,0.06,0.02,0.00,-,0.00,0.00,28.50,0.00,0.42,55.50
Laranja,Frutas,100,45.00,10.80,0.90,0.24,2.02,0.00,0.00,0.00,0.00,0.02,0.01,0.00,29.90,10.90,0.05,20.20,0.12,0.53,159.00,0.04,0.11,0.30,1.48,0.07,0.04,0.00,-,0.03,0.00,28.10,0.00,0.36,47.30
Laranja lima,Frutas,100,43.00,10.30,0.95,0.25,1.98,0.00,0.00,0.00,0.00,0.02,0.01,0.00,28.80,9.30,0.05,13.30,0.11,1.02,118.00,0.03,0.11,0.30,1.48,0.09,0.05,0.00,-,0.04,0.00,26.90,0.00,0.38,39.80
Laranja pera,Frutas,100,37.00,8.63,0.87,0.21,1.36,0.00,0.00,0.00,0.00,0.02,0.01,0.00,21.30,8.36,0.05,22.00,0.09,0.00,158.00,0.03,0.06,0.30,0.92,0.06,0.02,0.00,-,0.02,0.00,22.90,0.00,0.31,52.20
Laranja seleta,Frutas,100,51.00,12.80,0.83,0.36,2.87,0.00,0.00,0.00,0.00,0.02,0.01,0.00,34.70,12.60,0.06,23.40,0.14,0.99,184.00,0.04,0.13,0.30,1.48,0.08,0.05,0.00,-,0.04,0.00,32.50,0.00,0.54,54.90
Limão cravo,Frutas,100,22.00,5.25,0.32,0.00,0.00,0.00,0.00,0.00,0.00,0.04,0.02,0.00,10.20,8.86,0.03,11.10,0.08,0.00,119.00,0.03,0.00,0.20,15.70,0.00,0.00,0.00,-,0.00,0.00,5.44,0.00,0.15,32.80
Maçã verde,Frutas,100,48.00,13.00,0.30,0.00,2.40,0.00,0.00,0.00,0.00,0.04,0.01,0.00,4.00,4.00,0.00,9.00,0.16,2.00,107.00,0.00,0.06,0.00,0.00,0.03,0.01,0.10,-,0.50,0.00,0.00,0.00,0.50,5.00
Maçã argentina,Frutas,100,65.00,16.60,0.22,0.25,2.03,0.00,0.10,0.00,0.00,0.04,0.01,0.00,3.39,4.86,0.01,11.40,0.05,1.32,117.00,0.03,0.00,0.00,3.50,0.05,0.00,0.00,-,0.00,0.00,3.60,0.00,0.26,1.49
Maçã fuji,Frutas,100,59.00,15.20,0.29,0.00,1.35,0.00,0.00,0.00,0.00,0.04,0.01,0.00,1.92,2.04,0.03,9.08,0.09,0.00,74.70,0.06,0.00,0.00,3.50,0.00,0.00,0.00,-,0.03,0.00,3.25,0.00,0.18,2.41
Macaúba,Frutas,100,403.00,13.90,2.08,40.70,13.40,0.00,7.10,25.30,6.50,-,-,0.00,66.50,66.10,0.08,43.90,0.81,0.65,305.00,0.35,0.66,0.00,510.00,0.11,0.11,0.00,-,0.03,0.00,0.00,0.00,0.00,13.40
Mamão formosa,Frutas,100,46.00,11.60,0.82,0.12,1.81,0.00,0.04,0.03,0.03,0.01,0.03,0.00,24.90,17.30,0.04,10.90,0.23,3.26,221.00,1.36,0.07,0.30,43.00,0.03,0.03,0.00,-,0.00,0.00,40.50,0.00,0.14,78.50
Mamão papaia,Frutas,100,42.00,10.20,0.50,0.20,1.03,0.00,0.06,0.06,0.05,0.01,0.03,0.00,15.00,16.20,0.01,10.60,0.19,1.61,124.00,0.02,0.07,0.30,59.00,0.03,0.04,1.02,-,0.00,0.00,35.00,0.00,0.23,81.40
Mamão,Frutas,100,43.00,10.70,0.57,0.25,1.83,0.00,0.08,0.07,0.06,0.01,0.03,0.00,18.30,16.60,0.03,10.80,0.21,2.44,173.00,0.69,0.07,0.30,57.50,0.03,0.04,0.52,-,0.00,0.00,37.20,0.00,0.29,80.40
Manga haden (polpa),Frutas,100,67.00,16.70,0.41,0.26,1.58,0.00,0.10,0.10,0.00,0.01,0.04,0.00,8.73,7.96,0.17,9.30,0.10,0.55,147.00,0.10,0.07,0.90,104.00,0.02,0.06,0.00,-,0.05,0.00,46.00,0.00,0.61,17.40
Manga palmer (polpa),Frutas,100,77.00,19.40,0.41,0.17,1.63,0.00,0.08,0.08,0.00,0.01,0.04,0.00,11.60,8.73,0.05,14.00,0.09,1.86,156.00,0.09,0.09,0.90,396.00,0.09,0.03,0.00,-,0.00,0.00,52.70,0.00,0.41,65.50
Manga tommy (polpa),Frutas,100,52.00,12.80,0.86,0.22,2.07,0.00,0.10,0.10,0.00,0.01,0.04,0.00,7.64,7.40,0.34,13.80,0.08,0.00,138.00,0.06,0.08,0.90,90.40,0.00,0.04,0.00,-,0.03,0.00,36.90,0.00,0.52,7.94
Maracujá (polpa),Frutas,100,73.00,12.30,1.99,2.10,1.14,0.00,0.22,0.28,0.94,0.41,0.00,0.00,5.35,22.30,0.12,50.70,0.56,1.58,338.00,0.19,0.39,0.80,54.10,0.00,0.05,0.00,-,0.05,0.00,9.21,0.00,0.06,19.80
Melancia (polpa),Frutas,100,29.00,6.52,0.70,0.05,0.13,0.00,0.00,0.00,0.00,0.05,0.00,0.00,8.06,8.06,0.11,9.79,0.18,0.00,83.60,0.00,0.08,0.60,30.50,0.00,0.00,0.00,-,0.00,0.00,2.63,0.00,0.00,4.94
Melão (polpa),Frutas,100,24.00,5.70,0.61,0.15,1.22,0.00,0.04,0.00,0.06,0.03,0.03,0.00,2.53,4.93,0.04,8.14,0.19,8.96,173.00,0.03,0.07,0.20,0.83,0.00,0.00,0.00,-,0.02,0.00,6.87,0.00,0.08,6.97
Mexerica murcote,Frutas,100,58.00,14.90,0.88,0.13,3.07,0.00,0.02,0.03,0.03,0.05,0.02,0.00,33.10,12.30,0.05,19.50,0.07,1.17,158.00,0.06,0.10,0.11,14.70,0.08,0.07,0.00,-,0.05,0.00,17.60,0.00,0.09,21.80
Mexerica rio,Frutas,100,35.00,9.34,0.65,0.13,2.73,0.00,0.02,0.02,0.03,0.05,0.02,0.00,17.20,8.21,0.05,13.70,0.09,1.82,124.00,0.07,0.15,0.07,14.10,0.03,0.00,0.00,-,0.00,0.00,11.30,0.00,0.08,111.00
Mirtilo,Frutas,100,59.10,14.50,0.74,0.33,2.40,0.00,0.03,0.05,0.15,-,-,0.00,6.00,6.00,0.34,12.00,0.28,1.00,77.00,0.06,0.16,0.10,3.00,0.04,0.04,0.42,-,0.05,0.00,6.00,0.00,0.57,9.70
Morango,Frutas,100,30.00,6.54,0.82,0.40,1.67,0.00,0.02,0.06,0.30,0.09,0.07,0.00,15.40,11.00,0.19,28.80,0.28,11.00,102.00,0.05,0.09,0.36,4.46,0.00,0.03,0.00,-,0.03,0.00,21.80,0.00,0.39,69.80
Nêspera,Frutas,100,41.00,11.50,0.31,0.00,2.96,0.00,0.00,0.00,0.00,0.08,0.01,0.00,19.70,9.72,0.07,10.10,0.15,0.00,112.00,0.12,0.12,0.55,92.10,0.00,0.00,0.00,-,0.00,0.00,12.90,0.00,0.00,3.16
Pequi (polpa),Frutas,100,185.00,13.10,2.34,18.00,19.00,0.00,0.00,0.00,0.00,0.00,0.00,0.00,34.30,38.50,0.61,35.20,0.60,1.74,167.00,0.44,0.72,0.00,28.80,0.17,0.48,2.57,-,0.06,0.00,0.00,0.00,0.00,8.28
Pera park,Frutas,100,61.00,16.10,0.24,0.23,2.98,0.00,0.10,0.00,0.10,0.03,0.00,0.00,8.71,6.12,0.04,11.70,0.32,0.98,102.00,0.08,0.07,0.10,0.00,0.06,0.00,0.00,-,0.00,0.00,7.34,0.00,0.20,2.36
Pera williams,Frutas,100,53.00,14.00,0.57,0.11,3.01,0.00,0.05,0.00,0.05,0.03,0.00,0.00,8.28,5.78,0.04,11.80,0.09,0.00,115.00,0.07,0.08,0.09,0.00,0.00,0.00,0.00,-,0.00,0.00,6.53,0.00,0.09,2.83
Pêssego,Frutas,100,41.00,10.10,0.88,0.18,1.89,0.00,0.01,0.05,0.06,0.08,0.00,0.00,2.92,6.97,0.06,16.80,0.24,0.00,134.00,0.02,0.09,0.10,23.50,0.05,0.00,0.00,-,0.00,0.00,4.18,0.00,0.53,3.55
Pinha,Frutas,100,91.00,22.40,1.49,0.32,3.36,0.00,0.10,0.00,0.10,0.05,0.04,0.00,20.90,30.50,0.15,34.40,0.21,1.34,283.00,0.11,0.24,0.00,0.00,0.12,0.04,0.00,-,0.09,0.00,0.00,0.00,0.00,35.90
Pitanga,Frutas,100,36.00,9.25,0.84,0.20,2.67,0.00,0.00,0.00,0.00,0.00,0.00,0.00,15.80,11.10,0.26,16.00,0.35,1.43,201.00,0.07,0.20,0.00,68.40,0.03,0.10,0.00,-,0.00,0.00,0.00,0.00,0.00,24.90
Pupunha,Frutas,100,212.00,35.40,2.59,8.14,6.39,0.00,1.96,4.33,0.23,0.18,0.02,0.00,19.80,18.70,0.10,50.00,0.46,0.32,250.00,0.29,0.27,3.41,196.00,0.00,0.09,0.00,-,0.03,0.00,0.00,0.00,0.00,2.24
Romã,Frutas,100,61.00,15.50,0.40,0.00,0.44,0.00,0.00,0.00,0.00,0.00,0.00,0.00,4.75,12.70,0.13,40.30,0.26,0.59,484.00,0.19,0.67,0.00,0.00,0.12,0.17,0.00,-,0.05,0.00,0.00,0.00,0.00,8.12
Tâmara seca,Frutas,100,310.00,80.10,2.00,0.20,9.70,0.00,0.00,0.00,0.00,-,-,0.00,47.00,50.00,0.47,58.00,2.60,14.00,730.00,0.19,0.60,0.00,0.00,0.00,0.10,1.40,-,0.00,0.00,0.00,0.00,0.00,5.00
Tamarindo,Frutas,100,294.00,72.50,3.21,0.46,6.45,0.00,0.10,0.20,0.00,0.06,0.00,0.00,37.10,59.10,0.34,54.60,0.55,0.36,722.00,0.29,0.67,0.00,0.00,0.31,0.00,0.00,-,0.10,0.00,0.00,0.00,0.00,7.25
Tangerina ponkã,Frutas,100,40.00,9.54,0.85,0.07,0.94,0.00,0.00,0.00,0.00,0.05,0.02,0.00,12.90,7.73,0.04,12.50,0.11,0.00,131.00,0.03,0.00,0.00,24.60,0.06,0.02,0.00,-,0.02,0.00,11.60,0.00,0.05,48.80
Tucumã,Frutas,100,260.00,26.50,2.09,19.10,12.70,0.00,4.69,9.68,0.88,0.00,0.00,0.00,46.30,121.00,0.55,52.50,0.57,3.89,401.00,0.39,0.87,0.00,1181.00,0.04,0.00,0.00,-,0.11,0.00,0.00,0.00,0.00,18.00
Umbu,Frutas,100,37.00,9.44,0.84,0.00,1.98,0.00,0.00,0.00,0.00,0.00,0.00,0.00,11.60,11.30,0.03,13.40,0.09,0.00,151.00,0.04,0.42,0.00,0.00,0.05,0.06,0.00,-,0.03,0.00,0.00,0.00,0.00,24.10
Uva passa,Frutas,100,325.00,79.20,3.07,0.46,3.70,0.00,0.06,0.05,0.04,0.03,0.01,0.00,50.00,32.00,0.00,101.00,1.88,11.00,749.00,0.00,0.22,0.00,0.00,0.11,0.13,0.77,-,0.17,0.00,5.00,0.00,0.12,2.30
Uva itália,Frutas,100,56.00,13.50,0.77,0.19,0.92,0.00,0.06,0.01,0.06,0.04,0.01,0.00,6.66,4.98,0.13,12.10,0.14,0.00,161.00,0.11,0.00,0.10,2.67,0.00,0.00,0.00,-,0.03,0.00,1.53,0.00,0.23,3.29
Uva rubi,Frutas,100,50.00,12.10,0.54,0.17,0.89,0.00,0.06,0.01,0.05,0.04,0.01,0.00,7.22,5.53,0.07,21.60,0.16,7.51,150.00,0.05,0.00,0.10,2.67,0.02,0.02,0.00,-,0.00,0.00,1.36,0.00,0.21,1.77
Açafrão,Condimentos e especiarias,100,352.00,65.40,11.40,5.85,3.90,0.00,1.59,0.43,2.07,0.75,1.24,0.00,111.00,264.00,28.40,252.00,11.10,148.00,1724.00,0.33,1.09,5.60,27.00,0.12,0.27,1.46,-,1.01,0.00,93.00,0.00,0.00,80.80
Alcaparra,Condimentos e especiarias,100,36.00,4.89,2.36,0.86,0.00,0.00,0.23,0.06,0.30,0.11,0.18,0.00,40.00,33.00,0.08,10.00,1.67,2348.00,40.00,0.37,0.32,1.20,7.00,0.02,0.14,0.65,-,0.02,0.00,23.00,0.00,0.88,4.30
Alecrim,Condimentos e especiarias,100,327.00,64.10,4.88,15.20,42.60,0.00,7.37,3.01,2.34,-,-,0.00,1280.00,220.00,1.87,70.00,29.30,50.00,955.00,0.55,3.23,4.60,156.00,0.51,0.43,1.00,-,1.74,0.00,307.00,0.00,0.00,61.20
Azeitona preta,Condimentos e especiarias,100,201.00,5.54,1.16,20.30,4.55,0.00,3.50,11.00,3.00,1.22,0.09,0.00,58.80,4.76,0.05,16.00,5.45,1566.00,78.60,0.25,0.29,0.00,0.00,0.00,0.00,0.00,-,0.04,0.00,0.00,0.00,3.14,0.00
Azeitona verde,Condimentos e especiarias,100,140.00,4.10,0.95,14.20,3.85,0.00,2.30,8.30,1.00,1.22,0.09,0.00,45.60,3.94,0.03,5.36,0.18,1347.00,19.80,0.14,0.08,0.00,0.00,0.00,0.00,0.00,-,0.00,0.00,2.88,0.00,3.54,0.00
Canela,Condimentos e especiarias,100,243.00,80.60,3.99,1.24,53.10,0.00,0.35,0.25,0.07,-,-,0.00,1002.00,60.00,17466.00,64.00,8.32,10.00,431.00,0.40,1.83,3.10,15.00,0.02,0.04,1.33,-,0.16,0.00,6.00,0.00,2.32,3.80
Caruru,Condimentos e especiarias,100,33.00,5.97,3.20,0.58,4.47,0.00,0.10,0.00,0.30,0.07,0.09,0.00,455.00,197.00,0.89,77.30,4.46,13.70,278.00,0.37,6.03,1.34,969.00,0.00,0.10,0.00,-,0.11,0.00,126.00,0.00,0.00,5.36
Coentro,Condimentos e especiarias,100,22.00,3.67,2.13,0.52,2.80,0.00,0.01,0.28,0.04,0.33,0.00,0.00,67.00,26.00,0.43,48.00,1.77,46.00,521.00,0.23,0.50,0.90,337.00,0.07,0.16,1.11,-,0.15,0.00,62.00,0.00,2.50,27.00
Cravo em pó,Condimentos e especiarias,100,335.00,65.50,5.97,13.00,33.90,0.00,3.95,1.39,3.61,-,-,0.25,632.00,259.00,60.10,104.00,11.80,277.00,1020.00,0.37,2.32,7.20,8.00,0.16,0.22,1.56,-,0.39,0.00,25.00,0.00,8.82,0.20
Curry em pó,Condimentos e especiarias,100,400.00,61.80,12.30,11.60,33.20,0.00,1.36,7.25,2.52,-,-,0.00,531.00,257.00,0.00,371.00,19.30,52.60,1183.00,0.00,4.75,0.00,0.83,0.18,0.20,3.30,-,0.11,0.00,56.70,0.00,20.80,0.71
Hortelã,Condimentos e especiarias,100,39.00,8.40,3.29,0.73,6.80,0.00,0.19,0.03,0.39,0.00,0.00,0.00,199.00,63.00,1.12,60.00,11.90,30.00,458.00,0.24,1.09,0.00,203.00,0.08,0.18,0.95,-,0.16,0.00,105.00,0.00,0.00,13.30
Noz moscada em pó,Condimentos e especiarias,100,505.00,49.30,5.84,36.30,20.80,0.00,25.90,3.22,0.35,38.09,9.08,0.00,184.00,183.00,2.90,213.00,3.04,16.00,350.00,1.03,2.15,1.60,5.00,0.35,0.06,1.30,-,0.16,0.00,76.00,0.00,0.00,3.00
Orégano,Condimentos e especiarias,100,265.00,68.90,9.00,4.28,42.50,0.00,1.55,0.72,1.37,1.05,4.18,0.00,1597.00,270.00,4900.00,148.00,36.80,25.00,1260.00,0.63,2.69,4.50,85.00,0.18,0.53,4.64,-,1.04,0.00,237.00,0.00,18.30,2.30
Páprica,Condimentos e especiarias,100,318.00,54.00,14.10,12.90,34.90,0.00,2.14,1.70,7.77,-,-,0.00,229.00,178.00,1.59,314.00,21.10,68.00,2280.00,0.71,4.33,0.71,2463.00,0.33,1.23,10.10,-,2.14,0.00,49.00,0.00,29.10,0.90
Pimenta branca,Condimentos e especiarias,100,306.00,74.50,10.40,2.12,26.20,0.00,0.63,0.79,0.62,0.97,0.16,0.00,265.00,90.00,4300.00,176.00,14.30,5.00,73.00,0.91,1.13,3.10,0.00,0.02,0.13,0.21,-,0.10,0.00,10.00,0.00,0.00,21.00
Pimenta jalapeno,Condimentos e especiarias,100,27.00,6.50,0.91,0.37,2.80,0.00,0.09,0.03,0.11,0.97,0.16,0.00,12.00,15.00,0.10,26.00,0.25,3.00,248.00,0.05,0.14,0.40,54.00,0.04,0.07,1.28,-,0.42,0.00,27.00,0.00,3.58,118.00
Pimenta preta,Condimentos e especiarias,100,297.00,69.40,10.40,3.26,25.30,0.00,1.33,0.74,1.00,0.97,0.16,0.00,443.00,171.00,12753.00,158.00,9.71,20.00,1329.00,1330.00,1.19,4.90,27.00,0.11,0.18,1.14,-,0.29,0.00,17.00,0.00,1.04,0.00
Pimenta vermelha,Condimentos e especiarias,100,375.00,56.60,12.00,17.30,27.20,0.00,3.26,2.75,8.37,0.97,0.16,0.00,148.00,152.00,2.00,293.00,7.80,30.00,2014.00,0.37,2.48,8.80,2081.00,0.33,0.92,8.70,-,2.45,0.00,106.00,0.00,29.80,76.40
Abóbora,Verduras e legumes,100,21.00,5.03,1.05,0.18,2.02,0.00,0.04,0.03,0.02,0.00,0.00,0.00,9.64,5.54,0.05,19.20,0.22,0.19,225.00,0.05,0.14,1.10,355.00,0.00,0.00,0.00,-,0.07,0.00,12.90,0.00,1.91,4.58
Abobrinha,Verduras e legumes,100,17.00,3.71,1.01,0.12,1.28,0.00,0.03,0.00,0.03,0.05,0.08,0.00,13.40,17.70,0.08,28.30,0.21,0.00,224.00,0.06,0.15,0.10,20.30,0.00,0.03,0.00,-,0.03,0.00,24.90,0.00,0.05,5.87
Acelga,Verduras e legumes,100,23.00,4.63,1.44,0.11,1.12,0.00,0.02,0.02,0.04,0.01,0.05,0.00,43.00,10.40,0.11,40.00,0.27,1.18,239.00,0.10,0.31,0.84,162.00,0.04,0.00,0.00,-,0.16,0.00,7.42,0.00,1.00,22.50
Agrião,Verduras e legumes,100,23.00,2.58,3.17,0.45,1.98,0.00,0.12,0.04,0.16,0.01,0.02,0.00,129.00,24.10,0.24,60.10,2.00,10.70,244.00,0.14,0.76,0.20,224.00,0.13,0.27,1.42,-,0.11,0.00,13.30,0.00,4.50,71.40
Aipo,Verduras e legumes,100,18.00,4.27,0.76,0.07,0.96,0.00,0.02,0.01,0.03,0.08,0.00,0.00,65.20,8.86,0.18,28.00,0.72,9.52,273.00,0.31,0.14,0.54,456.00,0.00,0.00,0.00,-,0.18,0.00,48.60,0.00,0.11,5.88
Alcachofra,Verduras e legumes,100,51.00,11.90,2.89,0.34,5.70,0.00,0.08,0.01,0.14,-,-,0.00,21.00,42.00,0.00,73.00,0.61,60.00,286.00,0.00,60.00,0.00,0.00,0.05,0.09,1.11,-,0.08,0.00,89.00,0.00,0.19,7.40
Alface,Verduras e legumes,100,8.00,1.79,1.08,0.12,1.87,0.00,0.20,0.00,0.08,0.02,0.06,0.00,37.50,12.70,0.36,26.00,0.75,4.20,311.00,0.03,0.29,0.20,182.00,0.10,0.10,0.92,-,0.04,0.00,26.90,0.00,0.18,18.50
Alfavaca,Verduras e legumes,100,27.00,5.24,2.66,0.48,4.14,0.00,0.16,0.00,0.32,-,-,0.00,258.00,84.20,0.15,49.70,1.26,4.55,260.00,0.15,0.71,0.37,518.00,0.00,0.12,0.00,-,0.56,0.00,83.90,0.00,0.60,0.00
Alho,Verduras e legumes,100,121.00,25.80,5.70,0.20,3.19,0.00,0.04,0.00,0.10,0.23,0.18,0.00,13.70,21.50,0.24,150.00,0.81,5.43,541.00,0.15,0.83,2.24,0.00,0.19,0.00,0.00,-,0.45,0.00,2.38,0.00,0.98,24.80
Alho-poró,Verduras e legumes,100,29.00,6.88,1.41,0.14,2.51,0.00,0.02,0.00,0.08,1.40,0.25,0.00,33.60,10.70,0.10,36.50,0.64,1.76,224.00,0.24,0.29,0.53,8.08,0.06,0.00,0.34,-,0.08,0.00,34.10,0.00,0.43,14.10
Almeirão,Verduras e legumes,100,20.00,4.12,1.78,0.29,3.04,0.00,0.07,0.01,0.13,0.10,0.02,0.00,30.40,16.70,0.20,46.60,0.87,2.76,433.00,0.12,0.34,1.30,288.00,0.13,0.21,0.74,-,0.00,0.00,110.00,0.00,2.18,1.98
Aspargo,Verduras e legumes,100,24.00,4.11,2.40,0.22,2.00,0.00,0.05,0.00,0.10,0.27,0.02,0.00,23.00,14.00,0.00,54.00,0.91,14.00,224.00,0.00,0.60,0.00,50.00,0.16,0.14,1.08,-,0.08,0.00,149.00,0.00,1.50,7.70
Batata doce (cozida),Verduras e legumes,100,91.00,23.10,0.85,0.18,2.74,0.00,0.04,0.00,0.08,0.06,0.00,0.00,21.50,14.00,0.17,19.30,0.23,3.39,186.00,0.08,0.15,0.20,702.00,0.10,0.00,3.23,-,0.06,0.00,7.42,0.00,1.18,29.90
Batata inglesa (frita),Verduras e legumes,100,254.00,33.50,4.43,12.70,5.99,0.00,2.04,3.30,6.40,6.92,0.93,0.00,6.01,13.30,0.14,65.50,0.42,189.00,459.00,0.10,0.35,0.81,0.00,0.16,0.00,2.36,-,0.10,0.00,5.64,0.00,0.00,15.40
Batata baroa (mandioquinha),Verduras e legumes,100,77.00,18.90,0.85,0.17,1.76,0.00,0.04,0.04,0.03,0.06,0.01,0.00,11.90,7.58,0.22,29.50,0.42,2.10,258.00,0.15,0.38,0.32,5.34,0.06,0.00,1.98,-,0.00,0.00,6.94,0.00,0.11,17.10
Berinjela,Verduras e legumes,100,18.00,4.57,1.01,0.13,2.69,0.00,0.02,0.01,0.05,0.08,0.02,0.00,12.40,15.30,0.10,20.10,0.24,0.00,201.00,0.06,0.12,0.10,12.10,0.04,0.05,0.00,-,0.00,0.00,17.40,0.00,0.22,3.01
Beterraba (cozida),Verduras e legumes,100,26.00,6.20,0.79,0.24,1.91,0.00,0.05,0.02,0.10,0.06,0.01,0.00,14.40,11.70,0.15,20.00,0.29,1.77,140.00,0.06,0.18,0.11,13.30,0.05,0.00,0.00,-,0.00,0.00,10.10,0.00,0.42,0.00
Beterraba,Verduras e legumes,100,46.00,11.10,1.95,0.09,3.37,0.00,0.01,0.02,0.03,0.06,0.01,0.00,14.40,21.70,1.23,19.40,0.32,9.72,375.00,0.08,0.52,0.20,0.88,0.04,0.00,0.00,-,0.04,0.00,122.00,0.00,0.02,3.12
Brócolis,Verduras e legumes,100,36.00,4.99,4.14,0.72,3.04,0.00,0.08,0.02,0.07,0.05,0.12,0.00,108.00,37.40,0.33,99.20,0.77,4.21,322.00,0.08,0.60,0.50,213.00,0.15,0.23,1.76,-,0.10,0.00,65.40,0.00,1.52,43.30
Cará,Verduras e legumes,100,77.00,18.90,1.53,0.11,2.63,0.00,0.03,0.01,0.07,0.04,0.01,0.00,5.17,14.80,0.02,27.80,0.31,1.01,203.00,0.11,0.24,0.49,6.84,0.12,0.00,0.00,-,0.12,0.00,11.30,0.00,0.38,0.00
Catalonha,Verduras e legumes,100,24.00,4.75,1.87,0.28,2.05,0.00,0.10,0.00,0.10,1.35,0.18,0.00,56.80,17.30,0.34,32.00,3.08,9.39,411.00,0.27,0.48,0.28,269.00,0.00,0.03,1.54,-,0.36,0.00,113.00,0.00,2.13,7.33
Cebola,Verduras e legumes,100,40.00,9.21,1.76,0.13,2.04,0.00,0.05,0.02,0.02,0.07,0.00,0.00,14.10,11.90,0.14,39.60,0.21,0.62,184.00,0.05,0.17,0.05,0.00,0.04,0.00,0.00,-,0.13,0.00,14.20,0.00,0.03,4.14
Cebolinha,Verduras e legumes,100,9.00,1.60,0.89,0.15,0.68,0.00,0.03,0.02,0.06,0.04,0.00,0.00,93.30,23.00,0.13,26.90,0.65,1.61,206.00,0.04,0.27,0.10,105.00,0.03,0.04,0.00,-,0.08,0.00,27.30,0.00,0.44,17.50
Cenoura,Verduras e legumes,100,16.00,4.31,0.54,0.19,2.18,0.00,0.00,0.00,0.09,0.09,0.00,0.00,16.70,9.42,0.03,17.40,0.17,5.13,232.00,0.01,0.15,0.30,330.00,0.05,0.00,1.75,-,0.04,0.00,7.73,0.00,1.11,0.00
Cenoura (cozida),Verduras e legumes,100,30.00,7.55,1.12,0.21,2.98,0.00,0.03,0.01,0.10,0.09,0.00,0.00,21.40,11.40,0.06,26.90,0.47,11.10,278.00,0.07,0.30,0.60,370.00,0.00,0.00,0.00,-,0.05,0.00,15.90,0.00,0.58,5.12
Champignon,Verduras e legumes,100,27.00,4.82,1.87,0.40,1.60,0.00,0.06,0.00,0.19,1.60,0.20,0.00,1.60,7.92,0.11,99.40,0.10,0.98,365.00,0.03,0.54,9.85,0.00,0.57,0.87,18.00,-,0.06,0.04,18.00,0.24,0.01,2.23
Chicória,Verduras e legumes,100,12.00,2.85,1.17,0.15,2.27,0.00,0.04,0.00,0.06,1.86,0.34,0.00,46.40,9.62,0.20,12.40,0.37,12.60,273.00,0.05,0.13,0.15,72.00,0.02,0.07,0.46,-,0.00,0.00,57.30,0.00,0.32,2.70
Chuchu,Verduras e legumes,100,17.00,4.17,0.89,0.05,1.40,0.00,0.01,0.00,0.03,0.00,0.00,0.00,11.00,8.06,0.08,18.40,0.18,0.00,130.00,0.03,0.15,0.30,0.00,0.00,0.00,0.00,-,0.00,0.00,87.20,0.00,0.05,11.00
Cogumelo Shiimeji,Verduras e legumes,100,31.00,6.63,2.55,0.35,4.22,0.00,0.00,0.00,0.00,0.19,0.00,0.00,0.74,13.20,0.08,108.00,0.96,0.57,315.00,0.18,0.87,0.00,0.00,0.48,0.41,31.90,-,0.24,0.00,0.00,0.00,0.00,0.00
Cogumelo Shiitake,Verduras e legumes,100,25.00,5.48,1.76,0.32,3.32,0.00,0.00,0.00,0.00,0.19,0.00,0.00,0.44,7.94,0.12,63.30,0.75,1.00,96.40,0.03,0.54,4.50,0.00,0.43,0.33,20.60,-,0.23,0.00,10.30,0.26,0.00,0.00
Couve de bruxelas,Verduras e legumes,100,37.00,7.10,2.55,0.50,2.60,0.00,0.01,0.04,0.26,-,-,0.00,36.00,20.00,0.23,56.00,1.20,21.00,317.00,0.08,0.33,1.50,39.00,0.11,0.08,0.61,-,0.18,0.00,60.00,0.00,0.43,62.00
Couve,Verduras e legumes,100,25.00,4.01,2.66,0.51,2.89,0.00,0.11,0.00,0.12,0.07,0.09,0.00,236.00,41.40,0.29,40.60,0.56,10.70,582.00,0.04,0.21,0.24,233.00,0.12,0.19,1.38,-,0.04,0.00,12.50,0.00,1.08,35.80
Couve-flor,Verduras e legumes,100,16.00,3.41,1.28,0.20,2.05,0.00,0.08,0.00,0.08,0.05,0.17,0.00,14.80,5.01,0.09,23.40,0.12,1.64,74.00,0.00,0.24,0.33,1.83,0.03,0.00,0.00,-,0.00,0.00,32.70,0.00,0.03,21.80
Dill,Verduras e legumes,100,47.00,7.02,3.46,1.12,2.10,0.00,0.06,0.80,0.10,-,-,0.00,208.00,55.00,1.26,66.00,6.59,61.00,738.00,0.15,0.91,0.00,386.00,0.06,0.30,1.57,-,0.19,0.00,150.00,0.00,0.00,85.00
Ervilha,Verduras e legumes,100,71.00,14.20,7.45,0.47,9.72,0.00,0.00,0.10,0.30,1.53,0.21,0.00,24.40,41.80,0.40,151.00,1.44,0.00,310.00,0.20,1.23,0.00,127.00,0.27,0.07,1.16,-,0.06,0.00,87.50,0.00,0.92,12.40
Escarola,Verduras e legumes,100,16.00,2.74,1.54,0.30,1.86,0.00,0.07,0.01,0.13,1.88,0.26,0.00,0.00,13.40,0.38,25.10,0.74,19.70,281.00,0.09,0.71,0.18,189.00,0.07,0.07,0.36,-,0.02,0.00,127.00,0.00,0.66,5.82
Espinafre,Verduras e legumes,100,19.00,3.47,1.84,0.26,1.90,0.00,0.04,0.01,0.11,0.02,0.09,0.00,66.70,33.30,0.66,23.80,0.28,13.30,174.00,0.07,0.18,0.07,109.00,0.07,0.14,0.00,-,0.04,0.00,102.00,0.00,2.08,1.01
Gengibre,Verduras e legumes,100,81.00,17.80,1.82,0.75,2.00,0.00,0.20,0.15,0.15,-,-,0.00,16.00,43.00,0.23,34.00,0.60,13.00,415.00,0.23,0.34,0.70,0.00,0.03,0.03,0.75,-,0.16,0.00,11.00,0.00,0.26,5.00
Inhame,Verduras e legumes,100,89.00,20.50,2.29,0.14,1.60,0.00,0.05,0.00,0.05,0.04,0.01,0.00,14.90,17.10,0.12,59.10,0.02,0.00,231.00,0.14,0.36,0.82,2.39,0.05,0.00,0.00,-,0.07,0.00,8.97,0.00,1.68,2.02
Jambu,Verduras e legumes,100,33.00,6.66,3.08,0.25,4.05,0.00,0.00,0.00,0.00,0.00,0.00,0.00,0.00,0.00,0.00,0.00,6.40,0.00,0.00,0.00,0.00,0.00,0.00,0.00,0.00,0.00,-,0.00,0.00,0.00,0.00,0.00,0.00
Jiló,Verduras e legumes,100,27.00,7.43,1.68,0.26,5.79,0.00,0.05,0.03,0.13,0.05,0.00,0.00,22.80,14.90,0.15,31.30,0.30,0.00,127.00,0.11,0.13,0.18,7.38,0.05,0.03,0.00,-,0.00,0.00,14.30,0.00,0.44,5.30
Jurubeba,Verduras e legumes,100,100.00,23.10,4.41,3.91,23.90,0.00,0.50,0.50,2.10,2.09,0.03,0.00,151.00,65.30,0.52,155.00,0.95,0.77,619.00,1.16,0.63,0.00,0.00,0.13,0.02,0.00,-,0.20,0.00,0.00,0.00,0.00,13.80
Lingua de vaca,Verduras e legumes,100,9.00,0.88,0.94,0.21,0.00,0.00,0.00,0.00,0.00,0.08,0.11,0.00,1089.00,1447.00,12.80,332.00,12.00,60.00,525.00,1.14,11.90,0.00,0.00,0.00,0.00,0.00,-,0.00,0.00,0.00,0.00,0.00,0.00
Macaxeira (Aipim),Verduras e legumes,100,120.00,29.80,0.64,0.24,1.77,0.00,0.08,0.08,0.08,0.05,0.01,0.00,18.50,26.60,0.06,22.30,0.07,0.90,99.70,0.01,0.17,0.49,5.09,0.06,0.00,0.00,-,0.03,0.00,10.40,0.00,0.16,11.00
Manjericão,Verduras e legumes,100,19.00,3.64,1.99,0.39,3.31,0.00,0.13,0.00,0.27,-,-,0.00,210.00,57.80,0.17,39.90,0.97,3.89,251.00,0.16,0.46,0.27,517.00,0.06,0.21,0.90,-,0.06,0.00,60.30,0.00,0.49,2.34
Maxixe,Verduras e legumes,100,20.00,4.29,2.00,0.10,3.15,0.00,0.04,0.00,0.03,0.09,0.00,0.02,41.90,6.56,0.09,32.30,0.51,19.80,94.20,0.03,0.14,0.10,3.11,0.05,0.02,0.00,-,0.04,0.00,4.03,0.00,0.07,8.99
Missoshiro,Verduras e legumes,100,31.00,2.90,2.40,1.27,0.87,0.00,0.17,0.20,0.58,-,-,0.00,22.70,11.40,0.07,37.50,0.50,315.00,74.00,0.05,0.38,0.07,37.10,0.01,0.02,0.16,-,0.04,0.01,6.21,0.00,0.08,0.63
Mostarda,Verduras e legumes,100,27.00,4.64,2.22,0.53,2.29,0.00,0.01,0.12,0.05,0.02,0.02,0.00,78.50,11.40,0.15,63.70,1.00,2.62,220.00,0.06,0.26,0.69,478.00,0.04,0.03,0.00,-,0.04,0.00,5.14,0.00,2.53,18.70
Nabo,Verduras e legumes,100,18.00,4.46,0.91,0.06,1.88,0.00,0.01,0.00,0.03,0.01,0.03,0.00,38.90,8.47,3.84,14.40,0.16,1.31,121.00,0.04,0.14,0.46,0.00,0.05,0.00,0.00,-,0.02,0.00,5.49,0.00,0.02,3.69
Nori,Verduras e legumes,100,229.00,39.10,34.80,0.70,36.40,30.00,0.10,0.04,0.26,-,-,0.00,86.00,340.00,1.58,530.00,48.30,2100.00,4500.00,0.39,2.30,0.00,2300.00,0.57,2.07,5.40,-,0.38,39.90,1500.00,0.00,4.20,3.00
Orelha de padre (mata fome),Verduras e legumes,100,315.00,60.40,23.20,1.51,16.20,0.00,0.43,0.11,0.62,-,-,0.00,43.20,417.00,2.80,357.00,5.91,20.00,1700.00,1.37,5.60,0.00,0.43,0.69,0.13,2.86,-,0.16,0.00,23.00,0.00,0.00,0.00
Pepino,Verduras e legumes,100,10.00,2.23,0.70,0.09,1.04,0.00,0.03,0.00,0.03,0.03,0.01,0.00,9.62,9.34,0.08,12.30,0.23,0.00,153.00,0.04,0.13,0.10,1.79,0.00,0.03,0.00,-,0.00,0.00,4.91,0.00,0.02,4.99
Pimentão amarelo,Verduras e legumes,100,26.00,5.63,1.21,0.30,1.80,0.00,0.03,0.00,0.07,0.05,0.01,0.00,9.03,10.20,0.08,21.00,0.39,0.00,207.00,0.04,0.14,0.20,13.90,0.04,0.03,0.00,-,0.06,0.00,24.90,0.00,1.60,189.00
Pimentão verde,Verduras e legumes,100,20.00,4.38,0.91,0.27,1.59,0.00,0.09,0.01,0.10,0.05,0.01,0.00,7.98,9.99,0.13,15.10,0.38,0.00,159.00,0.07,0.18,0.20,19.20,0.00,0.00,0.00,-,0.00,0.00,9.72,0.00,0.59,91.90
Pimentão vermelho,Verduras e legumes,100,24.00,5.47,1.04,0.15,1.59,0.00,0.01,0.00,0.03,0.05,0.01,0.00,6.37,11.10,0.06,20.00,0.33,0.00,210.00,0.05,0.19,0.20,34.20,0.05,0.06,0.00,-,0.02,0.00,41.90,0.00,0.77,158.00
Quiabo,Verduras e legumes,100,20.00,5.07,1.32,0.12,3.13,0.00,0.03,0.02,0.03,0.05,0.00,0.00,78.30,22.00,0.31,36.90,0.20,0.49,91.50,0.12,0.32,0.20,16.30,0.05,0.00,0.00,-,0.01,0.00,42.90,0.00,0.15,2.67
Rabanete,Verduras e legumes,100,13.00,3.00,1.13,0.08,1.81,0.00,0.02,0.01,0.04,0.02,0.03,0.00,19.60,5.34,0.06,22.40,0.26,6.02,146.00,0.02,0.14,0.09,0.23,0.04,0.01,0.00,-,0.03,0.00,13.00,0.00,0.00,3.84
Repolho branco,Verduras e legumes,100,22.00,4.05,1.54,0.34,1.28,0.00,0.00,0.11,0.13,0.01,0.01,0.00,37.10,6.72,0.15,14.90,0.11,2.48,103.00,0.05,0.13,0.00,55.70,0.00,0.02,0.00,-,0.04,0.00,24.80,0.00,0.79,8.75
Repolho roxo,Verduras e legumes,100,29.00,6.94,1.51,0.09,2.60,0.00,0.01,0.01,0.04,0.01,0.01,0.00,42.00,17.00,0.22,33.00,0.66,28.00,262.00,0.05,0.25,2.30,0.00,0.07,0.06,0.38,-,0.23,0.00,24.00,0.00,0.12,34.40
Rúcula,Verduras e legumes,100,17.00,2.72,2.48,0.12,2.43,0.00,0.02,0.01,0.06,0.13,0.17,0.00,107.00,23.90,0.27,31.40,1.02,6.71,298.00,0.07,0.31,0.23,282.00,0.05,0.00,0.44,-,0.00,0.00,75.80,0.00,0.08,57.80
Salsa,Verduras e legumes,100,42.00,7.61,3.39,0.56,3.17,0.00,0.07,0.00,0.18,-,-,0.00,213.00,24.90,2.23,58.80,3.79,2.74,846.00,0.24,1.58,0.63,279.00,0.11,0.17,0.82,-,0.50,0.00,116.00,0.00,0.53,33.90
Serralha,Verduras e legumes,100,31.00,5.19,2.81,0.78,3.69,0.00,0.10,0.10,0.31,0.02,0.09,0.00,125.00,18.60,0.22,45.60,1.00,15.20,139.00,0.20,1.05,0.58,571.00,0.00,0.08,0.00,-,0.05,0.00,45.00,0.00,2.12,0.63
Taioba,Verduras e legumes,100,41.00,6.84,3.25,1.20,5.05,0.00,0.26,0.13,0.52,0.07,0.09,0.00,110.00,20.10,0.68,53.90,1.62,0.99,164.00,0.17,0.54,0.40,496.00,0.00,0.08,0.00,-,0.07,0.00,53.60,0.00,3.26,8.14
Tomate,Verduras e legumes,100,17.00,3.82,1.04,0.17,1.60,0.00,0.02,0.03,0.07,0.08,0.00,0.00,6.94,10.00,0.06,21.80,0.30,3.13,191.00,0.07,0.15,0.20,50.60,0.09,0.02,0.00,-,0.04,0.00,15.10,0.00,0.46,15.50
Tomilho,Verduras e legumes,100,107.00,24.50,5.56,1.68,14.00,0.00,0.47,0.08,0.53,-,-,0.00,405.00,160.00,1.72,106.00,17.50,9.00,609.00,0.56,1.81,0.00,238.00,0.05,0.47,1.82,-,0.35,0.00,45.00,0.00,0.00,160.00
Tremoço,Verduras e legumes,100,328.00,41.40,33.60,10.30,32.30,0.00,1.20,5.40,1.70,-,-,0.00,176.00,121.00,0.00,264.00,2.79,3.29,708.00,0.79,4.24,0.00,0.00,0.24,0.00,0.00,-,0.07,0.00,357.00,0.00,0.00,25.00
Vagem manteiga,Verduras e legumes,100,20.00,4.43,1.35,0.14,2.04,0.00,0.03,0.01,0.07,0.06,0.09,0.00,33.20,14.40,0.40,22.60,0.35,0.00,168.00,0.05,0.27,0.00,13.00,0.00,0.06,0.00,-,0.00,0.00,16.50,0.00,0.23,0.93
Vagem macarrão,Verduras e legumes,100,29.00,6.82,1.49,0.09,2.15,0.00,0.02,0.00,0.05,0.06,0.09,0.00,21.30,9.26,0.00,14.50,0.22,0.00,108.00,0.03,0.17,0.00,8.33,0.00,0.04,0.00,-,0.00,0.00,10.60,0.00,0.15,0.60
Vagem,Verduras e legumes,100,23.00,5.04,1.60,0.15,2.34,0.00,0.03,0.01,0.07,0.06,0.09,0.00,35.70,9.77,0.41,23.00,0.29,0.00,95.10,0.05,0.23,0.23,10.30,0.00,0.05,0.00,-,0.00,0.00,18.70,0.00,0.25,0.68
Amendoim,Grãos e cereais,100,625.00,16.90,27.50,51.80,8.99,0.00,9.74,29.10,14.20,15.56,0.00,0.00,39.40,159.00,1.70,260.00,1.33,375.00,495.00,0.68,2.12,0.00,0.00,0.08,0.00,7.47,-,0.21,0.00,97.50,0.00,5.14,0.00
Arroz branco,Grãos e cereais,100,130.00,30.00,2.38,0.41,1.20,0.00,0.15,0.05,0.05,-,-,0.00,5.17,24.10,1.04,19.70,0.33,1.58,17.40,0.15,0.52,1.70,0.00,0.00,0.00,0.00,-,0.00,0.00,2.11,0.00,0.03,0.00
Arroz integral,Grãos e cereais,100,107.00,23.50,2.44,0.87,2.12,0.00,0.26,0.35,0.26,0.80,0.08,0.00,2.02,22.80,0.24,41.00,0.10,0.48,29.10,0.01,0.26,0.81,0.00,0.07,0.00,0.00,-,0.07,0.00,4.02,0.00,0.19,0.00
Aveia em flocos,Grãos e cereais,100,382.00,63.80,15.70,9.20,9.38,0.00,1.67,3.42,3.27,2.20,0.10,0.00,47.50,117.00,1.88,152.00,4.41,4.59,333.00,0.44,2.61,0.00,0.00,0.55,0.03,4.44,-,0.00,0.00,55.00,0.00,0.00,1.34
Avelã,Grãos e cereais,100,673.00,17.60,15.00,62.40,9.40,0.00,4.51,46.60,8.46,7.83,0.09,0.00,123.00,173.00,0.00,310.00,4.38,0.00,755.00,0.00,2.50,0.00,0.00,0.34,0.12,2.05,-,0.62,0.00,88.00,0.00,15.30,3.80
Castanha de caju,Grãos e cereais,100,581.00,30.20,18.20,43.80,3.30,0.00,7.78,23.80,7.84,20.54,0.04,0.00,37.00,292.00,0.00,593.00,6.68,12.00,660.00,0.00,5.78,0.00,0.00,0.42,0.06,1.06,-,0.42,0.00,25.00,0.20,0.20,0.50
Castanha portuguesa,Grãos e cereais,100,673.00,15.10,14.50,63.50,7.93,0.00,15.30,27.40,21.00,0.49,0.06,0.00,162.00,323.00,1.11,679.00,2.98,0.40,625.00,2.06,4.28,3382.00,0.00,0.30,0.00,0.00,-,0.44,0.00,22.00,0.00,6.29,0.00
Centeio (farinha),Grãos e cereais,100,328.00,73.30,12.50,1.75,15.50,0.00,0.30,0.30,0.80,-,-,0.00,33.90,120.00,3.86,339.00,4.73,41.40,333.00,0.56,2.66,14.40,0.00,0.29,0.00,0.00,-,0.08,0.00,34.10,0.00,1.65,0.00
Cereais em barra,Grãos e cereais,100,395.00,76.10,6.25,8.53,5.25,0.00,0.00,6.16,1.91,5.30,0.02,0.00,30.90,45.90,1.40,135.00,2.55,498.00,142.00,0.18,1.77,24.80,0.00,0.68,0.77,9.06,-,0.91,0.00,15.00,0.00,2.76,0.00
Cereais (farinha láctea),Grãos e cereais,100,401.00,75.60,12.20,6.06,2.47,11.80,3.45,1.47,0.63,0.00,0.00,0.16,193.00,57.00,1.47,292.00,8.62,123.00,361.00,0.19,1.71,2.58,515.00,1.41,1.12,9.39,-,1.12,0.00,135.00,0.00,5.07,24.00
Cereais (farinha de milho),Grãos e cereais,100,376.00,86.20,5.92,0.90,0.00,0.00,0.25,0.25,0.41,0.63,0.02,0.00,218.00,16.00,0.11,168.00,31.00,398.00,81.90,0.04,11.00,0.00,0.00,1.05,0.47,13.80,-,5.07,0.00,200.00,18.00,9.52,109.00
Cereais (farinha infantil),Grãos e cereais,100,378.00,82.50,8.39,2.32,3.01,11.30,0.90,0.65,0.60,5.29,0.72,0.08,368.00,36.10,1.02,311.00,14.10,459.00,214.00,0.12,3.75,2.50,0.53,2.01,0.83,15.10,-,2.57,0.00,22.70,0.00,1.94,60.80
Cereais (granola),Grãos e cereais,100,479.00,59.20,10.60,23.80,6.72,0.00,6.35,7.69,8.52,1.55,0.09,0.03,55.60,120.00,1.36,198.00,3.03,5.21,333.00,0.61,2.27,572.00,0.00,0.36,0.02,2.28,-,0.08,0.00,32.50,0.00,1.77,1.06
Cereais (mistura para mingau),Grãos e cereais,100,370.00,86.10,5.18,1.31,3.20,0.00,0.30,0.30,0.60,0.50,0.06,0.00,412.00,30.70,0.65,315.00,15.50,542.00,123.00,0.07,4.59,0.00,0.00,2.16,0.34,12.80,-,2.93,0.00,12.80,0.00,1.09,54.70
Cereal matinal,Grãos e cereais,100,373.00,87.10,5.60,0.86,2.25,0.00,0.29,0.30,0.33,5.29,0.72,0.00,99.70,9.44,0.10,72.00,3.48,529.00,67.30,0.05,8.06,0.00,16.20,0.74,1.07,10.60,-,1.52,0.00,0.00,0.00,0.06,15.90
Chia,Grãos e cereais,100,442.00,42.10,16.50,30.70,34.40,0.00,3.33,2.31,6.71,-,-,0.00,631.00,335.00,0.00,860.00,7.72,16.00,407.00,0.00,4.58,0.00,0.00,0.62,0.17,8.83,-,0.00,0.00,0.00,0.00,0.50,1.60
Farinha de rosca,Grãos e cereais,100,374.00,78.60,12.90,2.00,4.80,0.00,0.82,0.55,1.09,-,-,0.04,37.10,59.80,0.00,204.00,7.08,349.00,222.00,0.00,1.76,0.00,0.00,0.27,0.00,0.00,-,0.09,0.00,0.00,0.00,0.48,0.00
Fava,Grãos e cereais,100,110.00,21.10,9.05,0.49,7.42,0.00,0.07,0.10,0.19,1.48,0.36,0.00,29.00,41.00,0.53,138.00,1.60,6.70,319.00,0.21,1.14,0.00,0.85,0.13,0.06,0.56,-,0.08,0.00,45.00,0.00,0.01,0.30
Feijão branco,Grãos e cereais,100,130.00,25.10,9.73,0.35,6.30,0.00,0.09,0.03,0.15,0.15,0.01,0.00,90.00,63.00,0.00,113.00,3.70,6.00,561.00,0.80,2.66,0.00,0.00,0.12,0.05,0.14,-,0.09,0.00,81.00,0.00,0.94,0.00
Feijão carioca,Grãos e cereais,100,70.00,15.30,4.77,0.54,7.06,0.00,0.10,0.10,0.30,0.15,0.01,0.00,28.70,45.70,0.31,93.70,1.39,1.90,274.00,0.20,0.75,0.02,0.00,0.04,0.00,0.00,-,0.00,0.00,98.50,0.00,0.78,0.00
Feijão fradinho,Grãos e cereais,100,65.00,13.50,5.09,0.64,7.47,0.00,0.20,0.10,0.30,0.15,0.01,0.00,17.50,38.10,0.53,84.60,1.06,0.98,252.00,0.53,2.58,2.04,0.00,0.12,0.00,0.00,-,0.00,0.00,93.40,0.00,0.20,0.00
Feijão guandu,Grãos e cereais,100,138.00,27.20,9.41,0.91,8.12,0.00,0.26,0.09,0.38,0.15,0.01,0.00,44.20,51.90,0.22,103.00,1.18,0.54,453.00,0.32,1.27,5.18,0.31,0.30,0.00,0.77,-,0.02,0.00,99.60,0.00,0.00,0.39
Feijão jalo,Grãos e cereais,100,67.00,16.50,6.14,0.51,13.90,0.00,0.10,0.10,0.30,0.15,0.01,0.00,29.40,44.10,0.32,121.00,1.92,0.52,347.00,0.24,1.01,0.03,0.00,0.13,0.00,0.00,-,0.04,0.00,112.00,0.00,0.74,0.00
Feijão preto,Grãos e cereais,100,61.00,14.00,4.48,0.54,8.40,0.00,0.10,0.10,0.30,0.15,0.01,0.00,29.00,40.40,0.37,88.00,1.47,1.85,256.00,0.56,1.85,2.72,0.00,0.06,0.00,0.00,-,0.03,0.00,86.00,0.00,0.00,0.00
Feijão rajado,Grãos e cereais,100,68.00,15.30,5.54,0.40,9.32,0.00,0.10,0.00,0.20,0.15,0.01,0.00,29.20,41.70,0.29,112.00,1.36,0.69,314.00,0.23,0.92,0.03,0.00,0.09,0.00,0.00,-,0.04,0.00,102.00,0.00,0.58,0.00
Feijão rosinha (cru),Grãos e cereais,100,303.00,62.20,20.90,1.33,20.60,0.00,0.60,0.10,0.70,0.15,0.01,0.00,67.70,184.00,1.08,393.00,5.32,24.10,1108.00,0.60,3.98,0.10,0.00,0.16,0.03,3.92,-,0.00,0.00,521.00,0.00,0.23,0.00
Feijão rosinha (cozido),Grãos e cereais,100,60.00,11.80,4.54,0.48,4.76,0.00,0.20,0.00,0.20,0.15,0.01,0.00,19.20,43.00,0.46,89.50,1.18,2.08,240.00,0.09,1.30,0.02,0.00,0.00,0.00,3.69,-,0.00,0.00,80.90,0.00,0.69,0.00
Feijão roxo,Grãos e cereais,100,56.00,12.90,5.72,0.54,11.50,0.00,0.10,0.10,0.30,0.15,0.01,0.00,22.50,34.40,0.32,106.00,1.41,1.46,268.00,0.22,1.01,0.09,0.00,0.15,0.00,0.00,-,0.03,0.00,51.50,0.00,0.10,0.00
Feijão vermelho,Grãos e cereais,100,105.00,20.40,8.67,0.50,7.40,0.00,0.07,0.04,0.28,0.15,0.01,0.00,43.70,100.00,2.60,142.00,7.70,2.00,403.00,1.00,4.40,0.00,0.00,0.16,0.06,0.58,-,0.12,0.00,130.00,0.00,0.03,1.20
Gergelim,Grãos e cereais,100,601.00,21.60,21.20,50.40,11.90,0.00,7.80,19.90,22.50,25.23,0.26,0.00,825.00,360.00,2.67,740.00,5.45,2.58,546.00,1.51,5.24,34.70,0.42,0.94,0.00,5.92,-,0.13,0.00,97.80,0.00,0.25,0.00
Grão de bico,Grãos e cereais,100,115.00,20.80,7.53,1.86,7.47,0.00,0.31,0.48,0.96,2.52,0.23,0.00,28.70,37.10,1.28,124.00,2.43,8.42,274.00,0.47,2.05,2.90,0.00,0.11,0.00,0.00,-,0.56,0.00,134.00,0.00,0.25,0.00
Lentilha,Grãos e cereais,100,98.00,19.60,7.30,0.46,6.44,0.00,0.09,0.09,0.26,1.31,0.19,0.00,19.00,25.50,0.34,122.00,1.75,1.39,259.00,0.21,1.33,0.03,0.00,0.04,0.00,0.00,-,0.00,0.00,166.00,0.00,0.13,0.00
Linhaça,Grãos e cereais,100,452.00,43.30,14.10,32.30,33.50,0.00,4.20,7.10,25.30,5.90,22.81,0.00,211.00,346.00,2.81,615.00,4.70,8.67,869.00,1.09,4.39,25.50,0.00,0.12,0.00,0.00,-,0.13,0.00,87.30,0.00,0.24,0.00
Macadâmia,Grãos e cereais,100,751.00,13.80,7.91,75.80,8.60,0.00,12.10,58.90,1.50,-,-,0.00,85.00,130.00,0.00,188.00,3.69,5.00,368.00,0.00,5.00,0.00,0.00,2.00,0.16,2.47,-,0.28,0.00,11.00,0.00,0.54,1.20
Macarrão (trigo),Grãos e cereais,100,125.00,26.90,3.54,0.57,0.91,3.06,0.15,0.11,0.22,2.21,0.28,0.03,6.19,0.00,0.16,36.10,1.40,189.00,29.40,0.05,0.33,1.78,0.00,0.04,0.01,1.24,-,0.00,0.00,66.50,0.00,0.04,0.00
Macarrão integral,Grãos e cereais,100,123.00,26.40,4.90,0.56,3.51,0.00,0.17,0.07,0.22,0.30,0.02,0.00,8.48,12.10,0.27,48.90,0.44,1.85,45.50,0.07,0.40,2.63,0.00,0.09,0.05,1.98,-,0.08,0.00,16.90,0.00,0.09,0.00
Mandioca (farinha),Grãos e cereais,100,348.00,87.50,1.69,0.42,6.03,0.00,0.15,0.15,0.00,0.03,0.01,0.15,65.00,37.10,1.43,41.70,1.10,1.03,340.00,0.08,0.42,1.05,0.21,0.14,0.00,0.00,-,0.04,0.00,42.40,0.00,0.28,0.00
Mandioca (frita),Grãos e cereais,100,303.00,50.30,1.38,11.20,1.87,0.00,1.70,2.77,6.18,2.58,0.35,0.04,23.10,94.90,0.18,56.50,0.32,8.94,176.00,0.12,0.44,1.10,0.00,0.05,0.00,0.00,-,0.04,0.00,29.70,0.00,0.00,0.00
Milho (amido),Grãos e cereais,100,348.00,86.30,0.64,0.30,0.74,0.00,0.05,0.74,0.74,0.50,0.06,0.00,1.05,3.01,0.02,12.50,0.13,8.04,8.49,0.02,0.08,2.67,0.00,0.00,0.00,0.00,-,0.00,0.00,0.00,0.00,0.00,0.00
Milho (curau),Grãos e cereais,100,79.00,13.90,2.36,1.64,0.46,4.74,0.82,0.47,0.17,0.50,0.06,0.04,52.60,16.00,0.06,74.70,0.45,20.50,161.00,0.03,0.40,0.00,4.00,0.04,0.07,0.00,-,0.00,0.00,15.90,0.00,0.10,0.00
Milho (farinha),Grãos e cereais,100,353.00,79.80,6.85,1.70,3.98,0.00,0.40,0.43,0.70,0.63,0.02,0.00,1.69,22.50,0.20,77.80,1.49,115.00,51.70,0.17,0.51,0.00,12.80,0.14,0.00,0.00,-,0.12,0.00,25.00,4.72,0.00,0.00
Milho (fubá),Grãos e cereais,100,356.00,79.70,7.06,2.03,4.38,0.00,0.46,0.95,1.41,0.08,0.00,0.00,3.63,62.20,0.34,108.00,5.05,0.00,169.00,0.08,1.22,3.80,15.70,0.26,0.00,0.75,-,0.00,0.00,302.00,0.00,0.22,0.00
Milho (pipoca),Grãos e cereais,100,411.00,56.80,13.30,16.20,7.09,0.00,2.53,3.64,8.60,0.08,0.00,0.00,3.59,71.00,0.00,178.00,1.78,610.00,163.00,0.00,2.79,0.00,2.97,0.12,0.05,1.07,-,0.10,0.00,22.50,0.00,10.00,0.27
Milho (pipoca em microondas),Grãos e cereais,100,424.00,57.50,7.80,20.60,11.00,0.00,3.23,4.64,11.00,4.25,0.12,0.00,3.58,70.80,0.00,178.00,1.77,608.00,163.00,0.00,2.78,0.00,3.78,0.12,0.05,1.07,-,0.10,0.00,22.40,0.00,12.80,0.27
Milho (polenta),Grãos e cereais,100,104.00,23.00,2.25,0.69,1.74,0.00,0.14,0.29,0.42,0.14,0.01,0.00,1.06,4.30,0.00,16.30,1.94,429.00,96.80,0.04,0.05,1.14,0.54,0.04,0.00,0.00,-,0.00,0.00,63.50,0.00,0.07,0.00
Milho verde,Grãos e cereais,100,129.00,26.70,6.16,0.57,3.66,0.00,0.09,0.09,0.27,3.59,0.42,0.00,1.74,15.00,0.10,94.80,0.80,0.78,86.40,0.04,0.36,0.42,17.30,0.18,0.00,0.00,-,0.02,0.00,29.90,0.00,0.03,0.00
Milho verde (lata),Grãos e cereais,100,107.00,21.70,2.89,2.05,4.75,0.00,0.51,0.68,0.77,0.41,0.02,0.00,2.53,19.10,0.11,71.10,0.68,301.00,187.00,0.05,0.58,0.00,26.10,0.00,0.06,4.33,-,0.00,0.00,53.40,0.00,0.15,2.02
Milho verde (pamonha),Grãos e cereais,100,171.00,30.70,2.55,4.85,2.37,5.24,0.50,0.70,1.40,1.32,0.09,0.11,4.16,15.30,0.12,54.60,0.36,131.00,125.00,0.03,0.42,2.25,26.50,0.00,0.00,0.00,-,0.00,0.00,21.60,0.00,0.41,0.00
Noz,Grãos e cereais,100,649.00,18.40,14.00,59.40,7.25,0.00,5.60,8.70,44.10,38.09,9.08,0.00,105.00,152.00,4.05,396.00,2.04,4.57,533.00,0.75,2.06,7.80,6.46,0.38,0.00,1.08,-,0.13,0.00,38.50,0.00,0.00,0.00
Pão italiano,Grãos e cereais,100,260.00,50.10,8.80,3.50,3.20,0.00,0.00,0.81,1.39,0.70,0.04,0.00,78.00,27.00,0.46,103.00,2.94,550.00,110.00,0.19,0.86,27.20,0.00,0.47,0.29,4.38,-,0.05,0.00,304.00,0.00,0.29,0.00
Pão (milho),Grãos e cereais,100,278.00,56.40,8.30,3.11,4.30,5.68,0.60,0.60,1.00,1.27,0.08,0.07,77.80,29.40,0.37,110.00,3.04,506.00,89.00,0.10,0.82,5.50,1.03,0.08,0.00,0.00,-,0.08,0.22,118.00,0.00,0.17,0.00
Pão sírio,Grãos e cereais,100,265.00,55.70,9.10,1.20,2.20,0.00,0.17,0.11,0.54,0.70,0.04,0.00,86.00,26.00,0.48,97.00,2.62,536.00,120.00,0.17,0.84,27.10,0.00,0.60,0.33,4.63,-,0.40,0.00,165.00,0.00,0.30,0.00
Pão integral,Grãos e cereais,100,231.00,45.90,10.70,1.79,5.58,0.00,0.34,0.39,0.54,0.57,0.03,0.26,122.00,56.10,1.50,179.00,2.77,469.00,151.00,0.14,1.47,0.00,0.00,0.07,0.04,0.00,-,0.14,0.00,41.70,0.00,1.36,0.00
Pastel (massa),Grãos e cereais,100,303.00,57.40,6.90,5.48,1.41,0.00,2.10,1.70,0.90,6.41,0.81,0.52,12.60,14.40,0.38,72.60,4.00,1344.00,166.00,0.11,0.61,4.44,29.40,0.15,0.00,0.00,-,0.00,0.00,208.00,0.00,0.42,0.00
Pinhão,Grãos e cereais,100,175.00,43.80,3.15,1.00,10.70,0.00,0.40,0.13,0.27,0.22,0.00,0.00,15.40,48.60,0.41,104.00,0.68,0.86,727.00,0.20,0.78,0.00,0.00,0.00,0.00,0.00,-,0.00,0.00,0.00,0.00,0.00,27.70
Pistache,Grãos e cereais,100,576.00,27.20,20.20,45.30,10.60,0.00,5.91,23.30,14.40,13.20,0.25,0.00,105.00,121.00,0.00,490.00,3.92,1.00,1025.00,0.00,2.20,0.00,0.00,0.87,0.16,1.30,-,1.70,0.00,51.00,0.00,2.86,5.60
Quinoa (cozida),Grãos e cereais,100,114.00,21.30,4.40,1.92,2.80,0.00,0.23,0.53,1.08,2.17,0.25,0.00,17.00,64.00,0.00,152.00,1.49,7.00,172.00,0.00,1.09,0.00,0.00,0.11,0.11,0.41,-,0.12,0.00,42.00,0.00,0.63,0.00
Quinoa,Grãos e cereais,100,353.00,64.20,14.10,6.07,7.00,0.00,0.71,1.61,3.29,2.17,0.25,0.00,47.00,197.00,0.00,457.00,4.57,5.00,563.00,0.00,3.10,0.00,1.00,0.36,0.32,1.52,-,0.49,0.00,184.00,0.00,2.44,0.00
Soja (farinha),Grãos e cereais,100,457.00,28.00,38.60,21.70,2.11,0.00,3.14,4.79,12.20,1.00,0.13,0.00,194.00,273.00,2.86,536.00,7.32,18.60,1849.00,1.28,4.35,0.00,6.31,0.20,0.04,0.00,-,0.03,0.00,341.00,0.00,2.05,0.00
Soja (grão),Grãos e cereais,100,427.00,22.60,39.90,22.30,11.90,0.00,3.23,4.93,12.60,5.81,0.78,0.00,203.00,210.00,2.22,453.00,13.50,10.80,1590.00,1.17,3.54,80.00,1.12,0.98,0.97,1.82,-,0.42,0.00,420.00,0.00,0.95,6.72
Soja (proteína texturizada),Grãos e cereais,100,336.00,41.00,45.90,0.62,8.46,0.00,0.27,0.42,1.07,2.67,0.35,0.00,115.00,25.30,0.00,503.00,9.40,651.00,52.50,0.00,2.61,0.00,0.00,0.00,0.06,0.93,-,0.06,0.00,114.00,0.00,0.00,0.00
Soja (tofu),Grãos e cereais,100,68.00,2.13,6.55,3.95,0.75,0.00,0.40,0.50,1.70,1.84,0.25,0.00,80.80,38.20,0.33,129.00,1.43,1.21,181.00,0.18,0.89,0.00,0.00,0.04,0.00,0.00,-,0.03,0.00,13.00,0.00,0.00,0.00
Torrada,Grãos e cereais,100,363.00,74.60,10.50,3.30,3.39,0.00,0.90,0.80,1.00,0.99,0.05,0.45,18.70,31.60,0.55,113.00,1.24,829.00,189.00,0.16,0.90,0.00,0.00,0.38,0.00,0.00,-,0.00,0.00,120.00,0.00,0.19,0.00
Torrada integral,Grãos e cereais,100,397.00,71.00,13.00,7.00,0.70,0.00,1.34,1.53,2.11,0.99,0.05,0.54,187.00,86.10,2.30,275.00,4.25,721.00,232.00,0.21,2.26,0.00,0.00,0.11,0.06,0.00,-,0.21,0.00,63.90,0.00,1.08,0.00
Trigo (farelo),Grãos e cereais,100,277.00,64.30,17.50,4.74,46.40,0.00,0.70,0.71,2.47,-,-,0.00,74.40,622.00,11.30,1032.00,10.80,2.04,1204.00,1.23,7.41,0.00,0.00,0.53,0.59,13.80,-,1.33,0.00,80.50,0.00,1.66,0.00
Trigo (farinha branca),Grãos e cereais,100,352.00,75.50,10.70,1.36,2.58,0.00,0.31,0.15,0.44,-,-,0.10,16.00,30.80,0.47,116.00,5.70,0.75,153.00,0.15,0.87,6.00,0.00,0.32,0.00,0.90,-,0.00,0.00,281.00,0.00,0.08,0.00
Trigo (farinha integral),Grãos e cereais,100,312.00,70.00,11.60,1.31,12.80,0.00,0.23,0.15,0.61,-,-,0.00,22.20,96.50,3.85,338.00,3.41,1.90,344.00,0.39,2.46,13.60,0.22,0.48,0.16,4.70,-,0.39,0.00,41.70,0.00,0.37,0.00
Trigo,Grãos e cereais,100,336.00,75.40,10.70,1.99,12.70,0.00,0.37,0.23,0.84,2.04,0.17,0.00,34.00,90.00,0.00,402.00,5.37,2.00,435.00,0.00,3.46,0.00,0.00,0.41,0.11,4.77,-,0.38,0.00,41.00,0.00,1.01,0.90
Azeite de dênde,Óleos e gorduras,100,900.00,0.00,0.00,100.00,0.00,0.00,43.10,40.10,16.60,1.59,0.00,0.14,0.00,0.00,0.00,0.01,0.01,0.00,0.00,0.00,0.00,0.00,5067.00,0.10,0.00,5.86,-,0.00,0.00,0.00,0.00,15.90,0.00
Azeite de oliva,Óleos e gorduras,100,900.00,0.00,0.00,100.00,0.00,0.00,14.90,75.50,9.50,9.80,0.76,0.00,1.00,0.00,0.00,0.00,0.56,2.00,1.00,0.00,0.00,0.00,0.00,0.00,0.00,0.00,-,0.00,0.00,0.00,0.00,18.40,0.00
Azeite de oliva (frito),Óleos e gorduras,100,900.00,0.00,0.00,100.00,0.00,0.00,15.20,23.30,60.00,50.71,6.76,0.50,0.00,0.00,0.00,0.00,0.06,0.00,0.00,0.30,0.01,0.10,0.00,0.00,0.00,0.00,-,0.00,0.00,0.00,0.00,9.11,0.00
Banha suína,Óleos e gorduras,100,900.00,0.00,0.00,100.00,0.00,95.00,39.20,45.10,11.20,10.20,1.00,0.00,0.00,0.00,0.00,0.00,0.00,0.00,0.00,0.00,0.11,0.20,0.00,0.00,0.00,0.00,-,0.00,0.00,0.00,2.50,0.60,0.00
Coco (óleo),Óleos e gorduras,100,899.00,0.00,0.00,99.90,0.00,0.00,0.00,0.81,1.39,50.71,6.76,0.00,78.00,27.00,0.46,103.00,2.94,550.00,110.00,0.19,0.86,27.20,0.00,0.47,0.29,4.38,-,0.05,0.00,304.00,0.00,0.29,0.00
Margarina e manteiga com sal,Óleos e gorduras,100,720.00,0.00,0.15,80.00,0.00,87.20,26.70,31.60,18.10,19.40,1.50,0.00,27.10,1.93,0.00,22.20,0.09,1200.00,35.70,0.00,0.02,0.00,811.00,0.00,0.00,0.00,-,0.00,0.01,1.93,0.00,0.00,0.10
Margarina e manteiga sem sal,Óleos e gorduras,100,720.00,0.00,0.15,80.00,0.00,87.20,26.70,31.60,18.10,2.73,0.32,0.00,26.70,1.90,0.00,21.90,0.09,26.70,35.20,0.00,0.02,0.00,811.00,0.00,0.00,0.00,-,0.00,0.01,1.90,0.00,0.00,0.10
Óleo de abacate,Óleos e gorduras,100,900.00,0.00,0.00,100.00,0.00,0.00,20.40,67.70,11.70,50.71,6.76,0.00,0.00,0.00,0.00,0.00,0.00,0.00,0.00,0.00,0.00,0.00,0.00,0.00,0.00,0.00,-,0.00,0.00,0.00,0.00,0.00,0.00
Óleo de algodão,Óleos e gorduras,100,900.00,0.00,0.00,100.00,0.00,0.00,25.50,19.50,53.00,50.71,6.76,0.00,0.00,0.00,0.00,0.00,0.00,0.00,0.00,0.00,0.00,0.00,0.00,0.00,0.00,0.00,-,0.00,0.00,0.00,0.00,35.30,0.00
Óleo de amedoim,Óleos e gorduras,100,900.00,0.00,0.00,100.00,0.00,0.00,17.40,40.30,39.00,50.71,6.76,0.00,0.00,0.00,0.00,0.00,0.03,0.00,0.00,0.00,0.01,0.00,0.00,0.00,0.00,0.00,-,0.00,0.00,0.00,0.00,15.70,0.00
Óleo de arroz,Óleos e gorduras,100,900.00,0.00,0.00,100.00,0.00,0.00,18.70,44.80,35.50,50.71,6.76,0.00,0.00,0.00,0.00,0.00,0.00,0.00,0.00,0.00,0.00,0.00,0.00,0.00,0.00,0.00,-,0.00,0.00,0.00,0.00,32.30,0.00
Óleo de babaçu,Óleos e gorduras,100,900.00,0.00,0.00,100.00,0.00,0.00,50.90,18.60,30.20,50.71,6.76,0.19,0.00,0.00,0.00,0.00,0.00,0.00,0.00,0.00,0.00,0.00,0.00,0.00,0.00,0.00,-,0.00,0.00,0.00,0.00,19.10,0.00
Óleo de cação,Óleos e gorduras,100,900.00,0.00,0.00,100.00,0.00,0.57,30.80,32.50,33.70,50.71,6.76,0.00,0.00,0.00,0.00,0.00,0.00,0.00,0.00,0.00,0.00,0.00,30000.00,0.00,0.00,0.00,-,0.00,0.00,0.00,250.00,0.00,0.00
Óleo de canola,Óleos e gorduras,100,900.00,0.00,0.00,100.00,0.00,0.00,7.90,62.60,28.40,50.71,6.76,0.37,0.00,0.00,0.00,0.00,0.00,0.00,0.00,0.00,0.00,0.00,0.00,0.00,0.00,0.00,-,0.00,0.00,0.00,0.00,18.40,0.00
Óleo de canola (frito),Óleos e gorduras,100,900.00,0.00,0.00,100.00,0.00,0.00,15.20,23.30,60.00,50.71,6.76,0.50,0.00,0.00,0.00,0.00,0.06,0.00,0.00,0.30,0.01,0.00,0.00,0.00,0.00,0.00,-,0.00,0.00,0.00,0.00,9.11,0.00
Óleo de gergelim,Óleos e gorduras,100,900.00,0.00,0.00,100.00,0.00,0.00,14.20,39.70,41.70,50.71,6.76,0.00,0.00,0.00,0.00,0.00,0.00,0.00,0.00,0.00,0.00,0.00,0.00,0.00,0.00,0.00,-,0.00,0.00,0.00,0.00,1.40,0.00
Óleo de girassol,Óleos e gorduras,100,900.00,0.00,0.00,100.00,0.00,0.00,10.80,25.40,62.60,50.71,6.76,1.14,0.00,0.00,0.00,0.00,0.00,0.00,0.00,0.00,0.00,0.00,0.00,0.00,0.00,0.00,-,0.00,0.00,0.00,0.00,0.00,0.00
Óleo de milho,Óleos e gorduras,100,900.00,0.00,0.00,100.00,0.00,0.00,15.20,33.40,50.90,50.71,6.76,0.48,0.00,0.00,0.00,0.00,0.00,0.00,0.00,0.31,0.00,0.00,0.00,0.00,0.00,0.00,-,0.00,0.00,0.00,0.00,14.80,0.00
Óleo de soja,Óleos e gorduras,100,900.00,0.00,0.00,100.00,0.00,0.00,15.20,23.30,60.00,50.71,6.76,0.50,0.00,0.00,0.00,0.00,0.06,0.00,0.00,0.01,0.00,0.32,0.00,0.00,0.00,0.00,-,0.00,0.00,0.00,0.00,12.10,0.00
Iogurte integral,Leite e derivados,100,75.00,10.90,3.12,2.17,0.23,7.17,1.40,0.65,0.10,0.00,0.00,0.06,128.00,9.66,0.00,66.60,0.37,55.70,133.00,0.03,0.28,1.70,24.50,0.03,0.11,0.19,-,0.01,0.29,6.15,0.00,0.04,0.00
Iogurte natural,Leite e derivados,100,56.00,4.76,4.02,2.43,0.00,11.00,1.44,0.72,0.08,0.07,0.03,0.00,133.00,11.00,0.00,85.60,0.18,47.70,124.00,0.02,0.32,1.70,35.90,0.04,0.27,0.00,-,0.00,0.37,7.05,0.07,0.04,1.13
Iogurte natural (desnatado),Leite e derivados,100,48.00,7.04,4.04,0.42,0.00,4.41,0.26,0.13,0.00,0.00,0.00,0.01,181.00,13.80,0.00,126.00,0.00,68.90,210.00,0.00,0.59,1.70,4.64,0.00,0.25,0.00,-,0.00,0.51,10.10,0.00,0.00,0.40
Leite de búfala integral,Leite e derivados,100,99.00,5.31,3.82,7.02,0.00,19.40,4.68,1.82,0.15,0.57,0.21,0.00,180.00,31.60,0.00,119.00,0.12,53.00,181.00,0.00,0.22,0.00,54.00,0.05,0.14,0.93,-,0.02,0.37,6.11,0.00,0.00,2.34
Leite de cabra integral,Leite e derivados,100,67.00,3.52,3.33,4.42,0.00,16.50,2.82,0.94,0.12,0.11,0.04,0.14,115.00,13.20,0.00,105.00,0.10,69.10,130.00,0.04,0.33,1.30,41.50,0.00,0.13,0.00,-,0.00,0.07,0.93,0.06,0.07,0.00
Leite humano (colostro),Leite e derivados,100,58.00,6.71,2.03,2.64,0.00,0.00,1.12,1.12,0.31,-,-,0.00,22.80,2.64,0.00,14.20,0.00,43.40,43.70,0.05,0.61,0.00,0.00,0.00,0.03,0.81,-,0.00,0.10,2.03,0.00,1.32,7.12
Leite humano (maduro),Leite e derivados,100,67.00,6.13,1.39,4.20,0.00,13.40,1.93,1.59,0.48,-,-,0.00,22.70,2.41,0.00,14.60,0.05,25.00,43.00,0.05,0.22,0.00,58.60,0.01,0.03,0.17,-,0.01,0.05,4.80,0.10,0.08,4.80
Leite condensado,Leite e derivados,100,319.00,57.00,7.67,6.74,0.00,0.00,4.20,1.70,0.20,0.22,0.12,0.23,246.00,22.00,0.00,187.00,0.13,93.80,328.00,0.03,0.86,14.80,53.90,0.06,0.33,0.00,-,0.57,0.44,11.00,0.15,0.12,2.14
Leite desnatado,Leite e derivados,100,36.00,5.14,3.12,0.40,0.00,10.00,0.25,0.10,0.01,0.00,0.00,0.00,119.00,10.30,0.00,85.40,0.07,51.10,140.00,0.02,0.40,3.93,7.92,0.04,0.26,1.49,-,0.00,0.51,5.14,0.00,0.05,0.00
Leite fermentado,Leite e derivados,100,75.00,16.70,1.93,0.07,0.00,1.39,0.00,0.00,0.00,0.06,0.01,0.00,75.70,6.60,0.02,66.50,0.00,35.40,100.00,0.01,0.28,3.89,0.00,0.08,0.11,0.00,-,0.00,0.43,9.72,0.00,0.00,0.52
Leite integral (fluido),Leite e derivados,100,64.00,5.92,2.93,3.23,0.00,12.40,2.01,0.93,0.12,0.12,0.08,0.00,107.00,9.71,0.00,82.00,0.07,63.80,133.00,0.02,0.38,4.81,48.80,0.04,0.24,1.52,-,0.00,0.37,5.18,1.19,0.08,0.00
Leite integral (pó),Leite e derivados,100,500.00,39.20,25.40,26.90,0.00,85.30,16.30,7.10,0.50,0.96,0.60,0.94,890.00,77.40,0.00,1242.00,0.52,323.00,1131.00,0.11,2.73,0.00,1481.00,0.39,1.02,0.00,-,0.00,3.16,36.00,0.50,3.21,8.37
Mingau (amido de milho),Leite e derivados,100,154.00,30.50,2.43,2.60,0.10,9.79,1.60,0.84,0.20,0.50,0.06,0.00,85.50,8.18,0.00,66.60,0.09,53.30,107.00,0.02,0.31,4.26,38.60,0.03,0.18,1.14,-,0.00,0.28,3.28,0.00,0.06,0.00
Mingau (aveia),Leite e derivados,100,109.00,15.10,4.11,3.84,0.82,11.90,2.06,1.17,0.37,0.50,0.06,0.00,107.00,19.40,0.16,91.60,0.45,62.10,156.00,0.06,0.59,4.64,46.80,0.07,0.22,1.74,-,0.00,0.34,7.72,0.00,0.07,0.08
Mingau,Leite e derivados,100,361.00,89.30,0.58,0.37,0.88,0.00,0.10,0.00,0.10,0.50,0.06,0.00,522.00,4.28,0.00,273.00,42.00,14.90,0.00,0.00,15.20,0.00,0.08,3.41,0.00,19.40,-,3.11,0.00,3.62,0.00,0.31,0.00
Queijo cheddar,Leite e derivados,100,403.00,3.09,22.90,33.30,0.00,99.00,18.90,9.25,1.42,0.61,0.38,0.92,710.00,27.00,0.03,455.00,0.14,653.00,76.00,0.03,3.64,28.50,330.00,0.03,0.04,0.06,-,0.07,1.10,27.00,0.60,0.71,0.00
Queijo coalho,Leite e derivados,100,335.00,1.94,23.70,25.90,0.00,80.20,13.90,5.87,0.35,0.64,0.26,1.04,731.00,28.50,0.02,423.00,0.23,526.00,126.00,0.07,2.82,0.00,117.00,0.03,0.34,0.00,-,0.00,0.35,63.20,0.27,0.65,0.53
Queijo fundido,Leite e derivados,100,302.00,0.10,27.40,21.40,0.00,64.00,12.40,5.69,0.31,0.61,0.38,0.80,384.00,19.00,0.02,687.00,0.32,928.00,230.00,0.05,1.55,0.00,616.00,0.00,0.24,0.00,-,0.00,1.22,4.77,0.00,0.00,0.00
Queijo minas frescal,Leite e derivados,100,242.00,3.02,15.90,18.60,0.00,62.00,11.40,5.80,0.40,0.27,0.15,0.66,611.00,14.80,0.02,123.00,0.93,31.20,104.00,0.00,1.51,9.90,629.00,0.00,0.25,0.00,-,0.00,1.40,5.83,2.11,0.29,0.00
Queijo minas,Leite e derivados,100,295.00,7.54,20.40,20.40,0.00,53.10,8.14,5.59,0.34,0.27,0.15,0.99,743.00,45.20,0.03,326.00,0.66,665.00,107.00,0.05,1.70,0.00,0.00,0.03,0.32,0.00,-,0.00,1.79,7.15,0.59,0.39,0.00
Queijo muçarela,Leite e derivados,100,320.00,1.97,23.80,24.10,0.00,76.20,13.60,5.70,0.48,0.57,0.21,0.82,774.00,22.80,0.03,463.00,0.27,506.00,68.40,0.06,3.61,18.20,109.00,0.00,0.20,0.00,-,0.00,2.45,7.51,0.43,0.21,0.00
Queijo parmesão ralado,Leite e derivados,100,477.00,4.83,32.10,36.70,2.52,42.00,21.20,9.52,0.44,0.94,0.19,1.28,1050.00,33.90,0.05,756.00,1.70,1480.00,97.80,0.17,4.43,0.00,0.00,0.00,0.45,0.00,-,0.24,1.36,7.91,0.71,0.31,0.00
Queijo pasteurizado,Leite e derivados,100,309.00,4.12,10.50,27.90,0.00,82.20,15.90,7.30,0.40,0.61,0.38,1.03,323.00,16.00,0.01,577.00,0.27,780.00,193.00,0.05,1.30,0.00,804.00,0.00,0.20,0.00,-,0.00,1.03,4.04,0.00,0.00,0.00
Queijo petit suisse,Leite e derivados,100,122.00,18.50,5.79,2.84,0.00,12.10,1.60,0.80,0.00,0.61,0.38,0.09,730.00,26.50,0.02,448.00,0.14,412.00,121.00,0.01,2.66,0.00,0.00,0.22,0.27,2.68,-,0.21,0.62,11.60,0.00,0.00,0.00
Queijo prato,Leite e derivados,100,345.00,0.20,24.20,27.60,0.00,90.90,16.30,6.78,0.53,0.45,0.18,0.87,802.00,27.90,0.03,467.00,0.26,550.00,79.70,0.07,3.37,0.00,0.00,0.00,0.22,0.00,-,0.00,2.52,7.75,0.05,0.23,0.00
Queijo provolone,Leite e derivados,100,350.00,2.14,25.60,26.60,0.00,69.00,17.20,7.39,0.77,0.49,0.28,0.00,756.00,28.00,0.00,496.00,0.52,876.00,138.00,0.00,3.23,0.00,236.00,0.02,0.32,0.16,-,0.07,1.46,10.00,0.50,0.23,0.00
Queijo requeijão,Leite e derivados,100,281.00,3.03,9.91,25.50,0.00,80.20,14.90,6.96,0.33,0.39,0.25,0.72,283.00,10.80,0.02,488.00,0.13,608.00,101.00,0.05,1.40,13.00,213.00,0.00,0.21,0.00,-,0.00,0.39,11.80,0.45,0.69,0.00
Queijo ricota,Leite e derivados,100,138.00,3.79,12.60,8.11,0.00,48.70,4.50,2.40,0.20,0.27,0.11,0.25,253.00,11.80,0.00,161.00,0.14,282.00,112.00,0.00,0.46,0.00,75.00,0.00,0.15,0.00,-,0.00,0.32,11.20,0.12,0.07,0.00
Queijo tilst,Leite e derivados,100,265.00,42.80,6.92,7.37,0.00,102.00,16.80,7.14,0.72,0.61,0.38,0.00,700.00,13.00,0.00,500.00,0.23,753.00,65.00,0.00,3.22,26.90,71.00,0.06,0.36,0.20,-,0.06,2.10,20.00,20.00,0.00,0.00
Camarão,Carnes e ovos,100,108.00,0.00,23.60,1.58,0.00,102.00,0.50,0.38,0.52,0.02,0.01,0.00,0.00,0.00,0.00,0.00,0.00,0.00,0.00,0.00,0.00,0.00,0.00,0.00,0.00,0.00,-,0.00,0.00,0.00,0.00,0.00,0.00
Camarão (frito),Carnes e ovos,100,135.00,0.00,28.80,2.23,0.00,137.00,0.41,0.51,1.22,1.33,0.19,0.00,0.00,0.00,0.00,0.00,0.00,0.00,0.00,0.00,0.00,0.00,0.00,0.00,0.00,0.00,-,0.00,0.00,0.00,0.00,0.00,0.00
Carne bovina,Carnes e ovos,100,110.00,0.64,18.60,3.69,0.00,51.00,1.32,1.52,0.27,0.42,0.16,0.15,5.00,20.00,0.02,242.00,2.05,853.00,647.00,0.09,3.20,14.70,3.00,0.04,0.21,5.58,-,0.46,2.04,5.00,0.00,0.49,0.00
Carne (cozida),Carnes e ovos,100,207.00,0.00,31.80,8.92,0.00,71.10,3.50,4.10,0.20,0.42,0.16,0.24,3.98,13.80,0.00,188.00,1.70,41.10,251.00,0.07,4.97,0.00,2.06,0.00,0.00,3.26,-,0.00,1.77,0.00,0.00,1.00,0.00
Carne de frango caipira,Carnes e ovos,100,236.00,0.01,23.90,15.60,0.00,109.00,4.40,7.50,2.30,2.57,0.11,0.04,16.80,18.30,0.01,161.00,1.66,56.10,210.00,0.08,1.70,0.00,16.20,0.03,0.00,6.33,-,0.00,0.30,5.23,0.00,0.34,1.83
Carne de porco,Carnes e ovos,100,287.00,0.79,32.10,17.30,0.00,106.00,6.53,7.50,2.29,1.71,0.06,0.10,31.50,22.70,0.00,241.00,0.89,55.70,344.00,0.06,2.52,0.00,1.95,0.67,0.07,6.96,-,0.03,0.87,2.49,1.12,0.16,0.12
Crustáceo (camarão),Carnes e ovos,100,45.00,0.00,10.30,0.43,0.00,107.00,0.10,0.10,0.20,0.03,0.02,0.00,43.90,23.50,0.04,242.00,0.57,208.00,74.60,0.10,0.61,25.00,17.20,0.00,0.00,0.00,-,0.00,0.74,12.60,0.04,0.56,0.00
Crustáceo (caranguejo),Carnes e ovos,100,98.00,0.22,19.80,2.02,0.00,84.60,0.20,0.20,0.00,0.03,0.02,0.00,357.00,52.20,0.07,153.00,2.10,360.00,185.00,0.92,6.14,0.00,0.00,0.04,0.31,4.17,-,0.00,3.91,59.90,0.00,5.03,0.00
Crustáceo (lagosta),Carnes e ovos,100,83.00,0.08,19.00,0.74,0.00,34.30,0.12,0.13,0.00,-,-,0.00,41.10,33.20,0.00,149.00,0.37,147.00,135.00,1.75,1.81,0.00,2.29,0.01,0.04,3.19,-,0.11,2.63,0.65,0.00,0.00,1.37
Crustáceo (siri),Carnes e ovos,100,78.00,0.00,17.90,0.74,0.00,97.00,0.20,0.13,0.26,0.03,0.02,0.01,91.00,36.00,0.07,234.00,0.50,395.00,259.00,0.81,3.81,42.80,1.00,0.02,0.09,2.75,-,0.16,3.33,51.00,0.00,1.84,3.30
Lingüiça de frango (grelhada),Carnes e ovos,100,242.00,1.00,18.20,18.40,0.00,80.50,4.70,6.80,3.40,3.00,0.17,0.04,13.90,21.10,0.10,228.00,0.72,1351.00,355.00,0.09,1.03,0.00,0.00,0.12,0.04,5.97,-,0.00,0.50,66.80,0.41,5.57,0.14
Lingüiça (frita),Carnes e ovos,100,256.00,0.00,19.40,19.90,0.00,75.20,5.75,7.70,3.50,3.46,0.32,0.04,11.00,22.10,0.31,230.00,1.07,1374.00,359.00,0.10,3.54,0.00,0.00,0.26,0.06,5.75,-,0.00,0.84,0.86,1.02,0.66,0.00
Lingüiça de porco (defumada),Carnes e ovos,100,293.00,0.86,20.90,22.90,0.00,69.00,5.22,6.52,2.22,3.46,0.32,0.04,6.00,16.60,0.01,205.00,0.58,1533.00,412.00,0.06,2.27,9.00,0.00,0.64,0.07,3.39,-,0.00,0.91,8.00,0.00,0.00,2.00
Lingüiça de porco (grelhada),Carnes e ovos,100,291.00,0.45,23.20,21.90,0.00,81.70,7.00,8.70,2.60,3.46,0.32,0.03,8.14,18.80,0.01,209.00,1.01,1455.00,426.00,0.07,3.48,0.00,0.00,0.40,0.07,6.60,-,0.00,0.97,0.99,1.13,0.72,0.00
Lingüiça calabresa,Carnes e ovos,100,256.00,1.00,18.00,20.00,0.00,53.50,6.93,9.26,2.13,3.46,0.32,0.00,6.93,11.90,0.00,105.00,0.99,839.00,187.00,0.00,2.09,0.00,0.00,0.26,0.17,3.20,-,0.17,1.50,3.96,0.83,0.00,0.00
Lingüiça toscana,Carnes e ovos,100,268.00,1.00,12.00,24.00,0.00,64.20,8.48,11.20,2.20,3.46,0.32,0.00,12.30,15.40,0.00,133.00,1.18,1329.00,290.00,0.00,2.53,0.00,0.00,0.39,0.22,3.19,-,0.20,2.74,5.12,0.42,0.00,0.00
Lula,Carnes e ovos,100,97.00,0.00,20.90,1.50,0.00,249.00,0.40,0.06,0.40,1.33,0.19,0.00,14.00,45.00,0.00,0.00,1.62,355.00,195.00,0.00,1.62,0.00,0.00,0.11,0.05,1.78,-,0.00,0.00,0.00,0.00,0.00,1.00
Mexilhão,Carnes e ovos,100,77.00,0.00,15.90,1.59,0.00,19.90,0.30,0.36,0.43,0.03,0.01,0.00,16.40,18.40,2.27,141.00,42.00,183.00,133.00,2.88,2.99,0.00,32.30,0.15,0.21,1.49,-,0.05,12.00,37.90,0.00,0.00,6.77
Ostra,Carnes e ovos,100,97.00,3.18,15.80,2.34,0.00,53.10,1.00,0.86,0.30,0.12,0.10,0.00,4.26,20.60,2.34,199.00,52.30,57.50,290.00,2.51,78.50,0.00,0.00,0.17,0.21,5.13,-,0.39,4.49,11.40,0.00,0.14,0.00
Polvo,Carnes e ovos,100,155.00,4.40,29.80,2.08,0.00,96.00,0.45,0.32,0.48,-,-,0.00,106.00,60.00,0.05,279.00,9.54,463.00,630.00,0.74,3.36,89.60,90.00,0.06,0.08,3.78,-,0.65,36.00,24.00,0.00,1.20,8.00
Molusco (vieira),Carnes e ovos,100,111.00,5.40,20.50,0.84,0.00,41.00,0.22,0.08,0.22,0.03,0.01,0.00,10.00,37.00,0.03,426.00,0.58,667.00,314.00,0.03,1.55,21.70,2.00,0.01,0.02,1.08,-,0.11,2.15,20.00,0.00,0.00,0.00
Ovo de codorna,Carnes e ovos,100,1.00,11.10,0.00,1.07,568.00,2.70,0.11,57.30,3.35,1.19,0.04,128.00,10.50,0.00,0.10,1.72,279.00,78.70,0.04,156.00,156.00,1.40,0.11,0.15,1.62,0.00,-,67.90,1.62,67.90,0.12,0.97,0.00
Ovo de galinha,Carnes e ovos,100,135.00,2.13,11.30,9.05,0.00,361.00,2.64,3.66,1.22,1.19,0.04,0.02,40.40,10.70,0.00,157.00,1.79,160.00,143.00,0.06,1.33,15.00,158.00,0.07,0.58,0.72,-,0.00,0.87,46.00,1.90,1.00,0.00
Ovo de galinha (cozido),Carnes e ovos,100,125.00,1.38,10.40,8.70,0.00,364.00,2.66,3.49,1.01,1.19,0.04,0.02,43.20,9.87,0.02,161.00,1.33,128.00,121.00,0.03,1.09,15.00,113.00,0.07,0.26,0.00,-,0.00,0.93,36.90,1.80,0.84,0.00
Ovo de galinha (vermelho),Carnes e ovos,100,133.00,2.58,10.20,9.16,0.00,366.00,2.68,3.71,1.24,1.19,0.04,0.02,39.30,11.80,0.00,153.00,1.46,157.00,140.00,0.06,1.01,16.10,0.00,0.07,0.54,0.70,-,0.16,0.85,45.00,1.93,1.01,0.00
Ovo de pata,Carnes e ovos,100,164.00,2.34,12.20,11.80,0.00,755.00,3.15,5.58,1.05,1.19,0.04,0.00,59.50,15.80,0.00,204.00,3.58,135.00,206.00,0.00,1.31,0.00,165.00,0.15,0.38,0.19,-,0.23,5.02,74.40,1.45,1.15,0.00
Peixe corimba (água doce),Carnes e ovos,100,234.00,3.15,16.10,17.50,0.00,117.00,7.33,6.74,0.88,0.01,0.02,0.12,62.50,35.50,0.03,296.00,0.79,73.30,494.00,0.05,1.01,0.00,0.00,0.00,0.00,2.92,-,0.00,0.00,0.00,0.00,0.00,0.00
Peixe corimbatá (água doce),Carnes e ovos,100,226.00,0.00,19.70,16.40,0.00,74.60,4.45,6.47,2.28,0.01,0.02,0.00,64.70,22.80,0.02,185.00,0.62,37.20,253.00,0.05,0.95,0.00,0.00,0.00,0.00,2.09,-,0.00,0.00,0.00,0.00,0.00,0.00
Peixe corvina (água doce),Carnes e ovos,100,96.00,0.03,18.10,2.64,0.00,73.10,1.20,0.70,0.10,0.01,0.02,0.01,39.40,24.50,0.02,153.00,0.26,45.10,293.00,0.02,0.36,0.00,8.12,0.00,0.08,0.00,-,0.00,0.00,0.00,0.00,0.00,0.00
Peixe dourado (água doce),Carnes e ovos,100,100.00,0.00,18.40,2.97,0.00,52.00,2.97,1.42,0.36,0.01,0.02,0.02,12.10,26.30,0.01,189.00,0.15,40.30,392.00,0.02,0.48,0.00,0.00,0.00,0.00,3.70,-,0.00,0.00,0.00,0.00,0.00,0.00
Peixe lambari (água doce),Carnes e ovos,100,149.00,0.57,15.70,9.40,0.00,144.00,3.40,3.28,1.10,0.01,0.02,0.00,590.00,31.60,0.41,440.00,0.63,41.10,207.00,0.05,2.42,0.00,0.00,0.00,0.03,1.86,-,0.07,0.00,0.00,0.00,0.00,0.00
Peixe pintado (água doce),Carnes e ovos,100,183.00,0.56,36.50,3.98,0.00,125.00,1.80,1.30,0.30,0.01,0.02,0.00,113.00,42.40,0.08,331.00,0.78,81.00,527.00,0.04,2.10,0.00,0.00,0.03,0.00,6.63,-,0.00,0.00,0.00,0.00,0.00,0.00
Peixe tilápia (água doce),Carnes e ovos,100,93.00,0.00,18.10,2.30,0.00,67.70,0.79,0.67,0.49,0.01,0.02,0.00,10.00,27.00,0.00,170.00,0.56,52.00,302.00,0.00,0.33,0.00,0.00,0.04,0.06,3.90,-,0.16,1.58,24.00,4.20,0.54,0.00
Peixe tucunaré (água doce),Carnes e ovos,100,132.00,1.85,22.00,4.15,0.00,159.00,2.04,1.36,1.36,0.01,0.02,0.03,29.40,39.30,0.02,257.00,0.41,86.60,441.00,0.15,1.50,0.00,0.00,0.00,0.08,1.38,-,0.00,0.00,0.00,0.00,0.00,0.00
Peixe abadejo (água salgada),Carnes e ovos,100,85.00,0.00,19.10,0.94,0.00,86.90,0.38,0.26,0.17,0.01,0.02,0.00,16.70,15.70,0.00,350.00,0.33,189.00,145.00,0.03,0.44,0.00,0.00,0.00,0.00,0.00,-,0.00,2.16,12.40,0.00,0.00,0.00
Peixe anchova (água salgada),Carnes e ovos,100,179.00,0.00,16.80,12.40,0.00,154.00,3.29,3.04,4.20,0.01,0.02,0.00,169.00,47.10,0.00,200.00,3.74,119.00,440.00,0.00,1.98,0.00,38.50,0.06,0.29,16.10,-,0.16,0.71,10.30,0.00,1.46,0.00
Peixe atum (água salgada),Carnes e ovos,100,109.00,0.04,25.50,0.87,0.00,47.80,0.50,0.20,0.00,0.01,0.02,0.00,7.30,29.00,0.00,253.00,1.27,30.30,307.00,0.09,0.40,0.00,20.00,0.00,0.04,5.94,-,0.00,8.19,1.74,1.01,0.18,0.00
Peixe bacalhau (água salgada),Carnes e ovos,100,127.00,0.00,28.80,1.32,0.00,138.00,0.60,0.30,0.20,0.01,0.02,0.00,156.00,49.50,0.03,186.00,0.85,13585.00,433.00,0.09,0.67,0.00,0.00,0.00,0.21,4.69,-,0.00,6.25,15.60,2.23,1.58,2.19
Peixe cação (água salgada),Carnes e ovos,100,82.00,1.87,17.30,0.67,0.00,36.10,0.10,0.10,0.20,0.01,0.02,0.00,8.55,21.30,0.04,181.00,0.20,176.00,299.00,0.13,0.35,31.30,6.00,0.04,0.00,1.31,-,0.00,1.18,2.37,0.09,0.15,0.00
Peixe corvina (água salgada),Carnes e ovos,100,116.00,0.00,23.30,2.56,0.00,122.00,0.75,0.62,0.63,0.01,0.02,0.00,69.40,22.20,0.02,163.00,0.58,68.40,194.00,0.03,0.69,0.00,0.00,0.00,0.03,0.00,-,0.00,1.38,29.50,0.00,0.00,0.00
Peixe manjuba (água salgada),Carnes e ovos,100,342.00,0.49,30.10,24.50,0.00,270.00,5.30,6.00,11.70,0.01,0.02,0.00,575.00,31.70,0.21,735.00,0.92,40.60,318.00,0.14,3.23,0.00,12.10,0.03,0.03,7.27,-,0.00,0.00,0.00,0.00,0.00,0.00
Peixe merluza (água salgada),Carnes e ovos,100,116.00,0.51,26.60,0.92,0.00,91.00,0.20,0.10,0.30,0.01,0.02,0.00,35.90,20.30,0.03,273.00,0.37,119.00,363.00,0.03,0.89,0.00,0.00,0.00,0.00,7.97,-,0.00,0.00,0.00,0.00,0.00,0.00
Peixe pescada branca (água salgada),Carnes e ovos,100,104.00,0.04,16.00,4.49,0.00,50.80,0.80,2.40,0.90,0.01,0.02,0.01,15.70,19.20,0.01,135.00,0.16,76.20,261.00,0.00,0.25,0.00,2.77,0.00,0.04,0.00,-,0.00,0.79,11.80,9.19,0.15,0.00
Peixe pescada (água salgada),Carnes e ovos,100,101.00,0.03,16.40,4.00,0.00,64.80,0.90,2.30,0.30,0.01,0.02,0.01,13.50,22.80,0.01,141.00,0.17,77.50,253.00,0.00,0.25,0.00,47.90,0.00,0.05,0.00,-,0.00,0.78,11.70,8.20,0.00,0.00
Peixe pescadinha (água salgada),Carnes e ovos,100,77.00,0.44,16.30,1.22,0.00,83.60,0.30,0.20,0.40,0.01,0.02,0.00,331.00,33.80,0.07,326.00,0.55,120.00,303.00,0.10,0.55,0.00,0.00,0.08,0.00,6.60,-,0.00,0.71,10.70,2.34,0.04,0.00
Peixe porquinho (água salgada),Carnes e ovos,100,83.00,0.04,19.40,0.66,0.00,48.60,0.40,0.10,0.00,0.01,0.02,0.00,25.90,24.40,0.05,207.00,0.39,66.70,313.00,0.04,0.66,34.00,4.65,0.00,0.00,1.19,-,0.00,0.00,0.00,0.00,0.00,0.00
Peixe salmão (água salgada),Carnes e ovos,100,167.00,0.83,19.30,9.71,0.00,53.00,2.47,2.90,3.13,0.01,0.02,0.00,8.75,27.40,0.00,258.00,0.24,64.20,376.00,0.02,0.34,0.00,0.00,0.20,0.03,3.21,-,0.00,3.13,24.60,0.00,0.00,0.00
Peixe sardinha (água salgada),Carnes e ovos,100,176.00,10.30,27.00,2.99,0.00,108.00,1.70,0.50,0.30,0.01,0.02,0.00,437.00,51.40,0.24,577.00,1.25,74.50,574.00,0.14,1.82,0.00,0.00,0.06,0.00,5.83,-,0.00,6.53,7.30,1.25,0.53,0.00
Peixe surumi (água salgada),Carnes e ovos,100,66.00,1.72,13.70,0.56,0.00,18.60,0.12,0.09,0.27,0.01,0.02,0.00,5.57,26.60,0.00,174.00,0.16,88.50,69.30,0.00,0.20,0.00,12.40,0.02,0.02,0.19,-,0.03,1.38,1.73,0.00,0.39,0.00
Peixe tainha (água salgada),Carnes e ovos,100,150.00,0.00,25.20,5.50,0.00,71.10,1.62,1.56,1.04,0.01,0.02,0.00,30.70,21.70,0.00,165.00,0.76,48.60,267.00,0.00,0.39,0.00,53.70,0.07,0.06,3.89,-,0.32,0.16,6.74,0.00,0.00,0.90
Peixe (caviar),Carnes e ovos,100,273.00,3.50,24.60,17.90,0.00,588.00,4.06,4.63,7.41,0.04,0.01,0.00,275.00,300.00,0.05,356.00,11.90,1500.00,181.00,0.11,0.95,65.50,271.00,0.19,0.62,0.12,-,0.32,20.00,50.00,2.90,1.89,0.00
Peru (defumado),Carnes e ovos,100,124.00,2.93,19.60,3.80,0.00,67.00,1.09,0.86,1.15,0.21,0.01,0.00,5.56,24.10,0.43,394.00,0.97,959.00,318.00,0.09,1.52,0.00,0.00,0.05,0.25,0.00,-,0.00,0.26,6.00,0.00,0.00,0.00
Peru (assado),Carnes e ovos,100,158.00,0.57,26.20,5.68,0.00,91.20,1.60,1.20,1.40,0.21,0.01,0.02,13.80,11.50,0.02,197.00,0.59,627.00,175.00,0.03,1.21,0.00,0.00,0.06,0.00,6.23,-,0.00,0.98,9.37,0.44,0.09,0.00
Porco (orelha),Carnes e ovos,100,161.00,0.20,16.00,10.80,0.00,90.00,3.86,4.91,1.15,-,-,0.00,18.00,7.00,0.01,24.00,1.50,167.00,40.00,0.01,0.20,4.40,0.00,0.02,0.07,0.56,-,0.01,0.04,0.00,0.00,0.00,0.00
Porco (pé),Carnes e ovos,100,232.00,0.00,21.90,16.10,0.00,107.00,4.34,8.01,1.54,-,-,0.00,0.00,5.00,0.02,82.00,0.98,73.00,33.00,0.06,1.05,23.00,0.00,0.02,0.06,0.59,-,0.04,0.41,2.00,0.00,0.09,0.00
Sobrecoxa de frango,Carnes e ovos,100,231.00,1.70,29.20,12.00,0.00,145.00,3.30,4.20,3.10,-,-,0.18,12.20,17.20,0.00,281.00,1.17,106.00,382.00,0.07,2.18,0.00,10.70,0.10,0.05,10.20,-,0.00,0.38,9.61,0.12,0.33,0.00
Achocolatado,Açúcares e doces,100,396.00,91.60,4.07,2.89,5.96,0.00,1.47,0.80,0.40,0.00,0.00,0.01,44.60,77.10,0.55,200.00,5.38,65.10,498.00,0.56,1.04,2.70,795.00,1.39,1.02,5.01,-,1.53,0.00,6.05,0.00,0.14,0.00
Açúcar cristal,Açúcares e doces,100,399.00,99.60,0.32,0.00,0.00,0.00,0.00,0.00,0.00,0.00,0.00,0.00,7.59,1.01,0.00,0.00,0.16,0.00,2.56,0.00,0.00,0.60,0.00,0.00,0.00,0.00,-,0.00,0.00,0.00,0.00,0.00,0.00
Açúcar mascavo,Açúcares e doces,100,381.00,94.40,0.76,0.09,0.00,0.00,0.00,0.00,0.00,0.00,0.00,0.00,126.00,79.90,2.03,38.20,8.30,25.20,521.00,0.17,0.48,1.20,0.00,0.00,0.00,0.11,-,0.04,0.00,0.98,0.00,0.00,0.00
Bala (caramelo),Açúcares e doces,100,399.00,77.00,4.60,8.10,0.00,7.00,2.48,1.54,3.48,3.45,0.03,0.00,138.00,17.00,0.01,114.00,0.14,245.00,214.00,0.02,0.44,1.80,12.00,0.10,0.26,0.15,-,0.62,0.00,41.50,0.00,0.46,0.40
Bala (frutas),Açúcares e doces,100,393.00,98.00,0.00,0.20,0.00,0.00,0.00,0.00,0.00,0.00,0.00,0.00,3.00,3.00,5.00,3.00,0.30,38.00,3.00,0.03,0.01,0.60,0.00,0.00,0.00,0.01,-,0.00,0.00,0.00,0.00,0.00,0.00
Cacau em pó,Açúcares e doces,100,359.00,57.90,19.60,13.70,37.00,0.00,8.07,4.57,0.44,1.01,0.03,0.00,128.00,499.00,3.84,734.00,13.90,21.00,1524.00,3.79,6.81,14.30,0.00,0.08,0.24,2.19,-,0.12,0.00,32.00,0.00,0.10,0.00
Chocolate amargo,Açúcares e doces,100,576.00,45.90,7.79,42.60,10.90,0.03,24.50,12.80,1.26,1.06,0.12,0.00,54.40,132.00,0.00,308.00,6.27,27.40,427.00,0.00,1.57,0.00,2.00,0.03,0.08,1.05,-,0.04,0.28,0.00,0.00,0.59,0.03
Chocolate ao leite,Açúcares e doces,100,535.00,59.60,7.22,30.30,2.17,16.50,17.50,10.00,0.90,1.06,0.12,0.27,197.00,67.50,0.30,212.00,1.98,68.20,310.00,0.31,0.92,0.00,198.00,0.05,0.22,0.63,-,0.59,0.75,11.00,0.00,0.52,0.00
Chocolate branco,Açúcares e doces,100,549.00,59.20,5.87,32.10,0.00,21.00,19.40,0.10,1.01,1.06,0.12,0.00,384.00,38.50,0.00,0.00,0.19,108.00,321.00,0.00,1.23,0.00,9.00,0.00,0.00,0.00,-,0.75,0.00,0.56,0.00,0.96,0.00
Cocada,Açúcares e doces,100,445.00,81.40,1.12,13.60,3.57,0.00,8.40,0.40,0.10,0.14,0.00,0.00,7.06,17.40,0.36,396.00,1.24,29.00,183.00,0.20,0.41,9.58,0.00,0.00,0.00,0.47,-,0.16,0.00,24.50,0.00,0.10,0.00
Goiaba cascão,Açúcares e doces,100,308.00,78.70,0.41,0.10,4.37,0.00,0.00,0.00,0.00,0.09,0.03,0.00,14.70,9.67,0.16,28.20,0.40,11.00,250.00,0.08,0.14,0.00,25.20,0.00,0.00,1.41,-,0.00,0.00,0.00,0.00,0.00,34.30
Maria mole,Açúcares e doces,100,287.00,68.20,3.48,0.23,0.65,0.00,0.23,0.00,0.00,0.22,0.00,0.00,16.40,6.44,0.07,4.88,0.43,14.80,29.80,0.11,0.09,5.10,0.00,0.04,0.00,0.00,-,0.00,0.00,4.63,0.00,0.00,0.00
Marshmallow,Açúcares e doces,100,321.00,79.00,0.80,0.30,0.10,0.00,0.06,0.08,0.05,-,-,0.00,3.00,2.00,0.01,8.00,22.00,80.00,5.00,0.10,0.04,1.90,0.00,0.00,0.00,0.08,-,0.00,0.00,1.00,0.00,0.00,0.00
Mel,Açúcares e doces,100,324.00,80.90,0.17,0.00,0.20,0.00,0.00,0.00,0.00,0.00,0.00,0.00,11.20,8.31,0.56,3.04,0.62,6.06,123.00,0.02,0.33,0.78,0.00,0.10,0.00,0.00,-,0.00,0.00,1.96,0.00,0.00,0.71
Melado de cana,Açúcares e doces,100,306.00,76.60,0.00,0.00,0.00,0.00,0.00,0.00,0.00,0.00,0.00,0.00,111.00,102.00,2.06,55.80,3.70,8.16,330.00,0.53,0.41,0.07,0.00,0.00,0.05,0.00,-,0.20,0.00,0.00,0.00,0.00,0.00
Paçoca (amendoim),Açúcares e doces,100,493.00,52.40,16.00,26.10,7.32,0.00,4.10,10.00,7.30,0.00,0.00,0.00,22.50,100.00,1.05,198.00,1.13,166.00,347.00,0.38,1.56,4.80,0.00,0.00,0.00,0.00,-,1.20,0.00,152.00,0.00,4.94,0.00
Pé de moleque,Açúcares e doces,100,517.00,54.70,13.20,28.00,3.39,0.00,5.08,14.40,8.25,0.00,0.00,0.00,27.10,107.00,1.09,170.00,1.26,16.30,355.00,0.43,1.43,4.41,0.00,0.04,0.03,5.94,-,0.11,0.00,110.00,0.00,4.47,0.00
Rapadura,Açúcares e doces,100,368.00,90.00,0.67,0.63,0.00,0.00,0.00,0.00,0.00,0.00,0.00,0.00,30.40,47.00,1.66,21.20,4.43,21.60,457.00,0.17,0.56,0.09,0.00,0.00,0.00,0.00,-,0.04,0.00,0.00,0.00,0.00,0.00
Acarajé,Miscelâneas,100,271.00,19.10,8.35,19.90,9.36,25.50,9.10,7.80,2.10,2.01,0.12,0.00,124.00,51.10,0.59,141.00,1.93,304.00,353.00,0.23,1.19,0.00,0.00,0.06,0.00,0.00,-,0.00,0.00,0.00,0.00,0.00,0.00
Batata chips,Miscelâneas,100,541.00,51.50,5.44,35.80,4.00,0.00,12.60,11.60,3.91,17.82,2.32,0.11,11.50,24.90,0.12,99.20,0.71,624.00,1042.00,0.12,0.32,2.45,0.00,0.20,0.00,2.69,-,0.13,0.00,29.50,0.00,11.00,0.00
Biscoito salgado,Miscelâneas,100,438.00,69.60,10.90,13.70,3.18,0.00,4.40,4.60,2.90,-,-,1.80,20.00,39.70,0.69,148.00,2.20,854.00,180.00,0.18,1.55,6.40,0.00,0.71,0.13,7.14,-,0.17,0.00,39.80,0.00,0.00,0.00
Biscoito doce,Miscelâneas,100,435.00,76.30,8.39,11.30,2.74,0.00,3.90,3.70,2.20,-,-,1.58,54.50,37.10,0.78,166.00,1.76,352.00,141.00,0.17,0.98,4.80,1.07,1.01,0.42,3.91,-,0.23,0.21,200.00,0.00,0.00,6.22
Bolo (ind.),Miscelâneas,100,419.00,54.40,6.49,19.50,0.08,0.00,5.98,10.40,2.23,-,-,0.00,115.00,36.00,0.38,87.00,3.60,331.00,175.00,0.05,1.04,0.00,1.22,0.04,0.07,0.92,-,0.14,0.06,35.00,0.00,1.33,1.90
Bolo de trigo,Miscelâneas,100,437.00,55.80,7.25,20.80,0.83,143.00,11.60,5.62,0.80,-,-,0.60,41.40,15.30,0.15,99.20,2.36,62.10,120.00,0.08,0.72,7.42,258.00,0.10,0.18,0.75,-,0.00,0.30,74.40,0.51,0.81,0.00
Carne de churrasco,Miscelâneas,100,200.00,4.08,22.80,10.40,0.50,64.50,3.93,3.95,1.54,-,-,0.17,6.85,21.60,0.05,205.00,2.35,58.50,333.00,0.10,3.43,0.03,4.05,0.03,0.04,3.31,-,0.06,1.92,4.88,0.22,0.81,14.10
Chá de camomila,Miscelâneas,100,1.00,0.28,0.00,0.01,0.00,0.00,0.00,0.00,0.01,0.00,0.00,0.00,2.00,1.00,0.04,0.00,0.08,1.00,9.00,0.02,0.04,0.00,1.00,0.01,0.00,0.00,-,0.00,0.00,1.00,0.00,0.00,0.00
Chá de erva-doce (5%),Miscelâneas,100,1.00,0.39,0.00,0.00,0.00,0.00,0.00,0.00,0.00,0.00,0.00,0.00,1.93,0.88,0.01,0.65,0.00,0.63,9.93,0.00,0.00,0.00,0.00,1.23,0.23,0.00,-,0.00,0.00,1.30,0.00,0.00,0.00
Chá de cidreira,Miscelâneas,100,1.00,0.30,0.00,0.00,0.00,0.00,0.00,0.00,0.00,0.00,0.00,0.00,165.00,45.20,0.00,0.00,0.08,0.08,19.90,0.00,0.00,0.00,0.00,0.01,0.00,0.00,-,0.00,0.00,1.00,0.00,0.00,0.00
Chá de limão (ind.),Miscelâneas,100,3.00,0.64,0.00,0.05,0.00,0.00,0.00,0.00,0.00,0.00,0.00,0.00,0.64,2.04,0.27,0.00,0.00,0.00,5.34,0.00,0.00,0.00,0.00,0.89,0.00,0.00,-,0.00,0.00,1.00,0.00,0.00,0.00
Chá de pêssego (ind.),Miscelâneas,100,33.00,8.44,0.00,0.00,0.00,0.00,0.00,0.00,0.00,0.00,0.00,0.00,3.08,0.77,0.00,0.77,0.00,2.31,10.80,0.00,0.01,0.00,0.00,0.00,0.00,0.00,-,0.00,0.00,0.00,0.00,0.00,0.00
Chá preto (5%),Miscelâneas,100,2.00,0.63,0.63,0.00,0.00,0.00,0.00,0.00,0.00,0.00,0.00,0.00,0.25,0.96,0.09,1.51,0.00,0.00,13.40,13.40,0.00,0.00,0.00,3.11,0.48,0.00,-,0.00,0.00,0.00,0.00,0.00,0.00
Chá de hortelã,Miscelâneas,100,1.00,0.30,0.00,0.00,0.00,0.00,0.00,0.00,0.00,0.00,0.00,0.00,184.00,83.80,0.00,0.00,0.08,0.37,13.80,0.00,0.00,0.00,0.00,0.01,0.00,0.00,-,0.00,0.00,1.00,0.00,0.00,0.00
Chá de malva-santa,Miscelâneas,100,1.00,0.30,0.00,0.00,0.00,0.00,0.00,0.00,0.00,0.00,0.00,0.00,121.00,47.30,0.00,0.00,0.08,0.13,6.25,0.00,0.00,0.00,0.00,0.01,0.00,0.00,-,0.00,0.00,1.00,0.00,0.00,0.00
Chá de malvariço,Miscelâneas,100,1.00,0.30,0.00,0.00,0.00,0.00,0.00,0.00,0.00,0.00,0.00,0.00,199.00,34.30,0.00,0.00,0.08,0.13,11.30,0.00,0.00,0.00,0.00,0.01,0.00,0.00,-,0.00,0.00,1.00,0.00,0.00,0.00
Chá de mastruço,Miscelâneas,100,1.00,0.30,0.00,0.00,0.00,0.00,0.00,0.00,0.00,0.00,0.00,0.00,0.00,132.00,0.00,0.00,0.08,0.15,24.00,0.00,0.00,0.00,0.00,0.01,0.00,0.00,-,0.00,0.00,1.00,0.00,0.00,0.00
Chá de mentrasto,Miscelâneas,100,1.00,0.30,0.00,0.00,0.00,0.00,0.00,0.00,0.00,0.00,0.00,0.00,316.00,110.00,0.00,0.00,0.08,0.09,5.00,0.00,0.00,0.00,0.00,0.01,0.00,0.00,-,0.00,0.00,1.00,0.00,0.00,0.00
Café descafeinado,Miscelâneas,100,377.00,69.90,10.40,15.40,41.40,0.00,5.42,1.15,5.64,0.00,0.00,0.00,130.00,240.00,2.10,160.00,4.10,74.00,2020.00,0.82,0.71,5.00,0.00,0.07,0.20,10.00,-,0.00,0.00,0.00,0.00,0.00,0.00
Café torrado,Miscelâneas,100,326.00,65.80,14.70,11.90,51.20,0.00,0.00,0.00,0.00,0.00,0.00,0.00,106.00,165.00,2.58,169.00,8.13,1.13,1608.00,1.30,0.52,0.00,0.00,0.00,0.00,0.00,-,0.00,0.00,0.00,0.00,0.00,0.00
Caldo de cana,Miscelâneas,100,72.00,18.30,0.00,0.00,0.14,0.00,0.00,0.00,0.00,0.00,0.00,0.00,29.40,15.70,0.18,6.66,0.80,22.70,52.70,0.01,0.06,0.18,0.00,0.00,0.00,0.00,-,0.03,0.00,0.00,0.00,0.00,2.78
Canjica,Miscelâneas,100,110.00,25.60,2.25,0.22,1.27,0.00,0.07,0.05,0.09,0.00,0.00,0.00,0.64,4.01,0.03,12.60,0.10,0.21,24.20,0.01,0.11,4.86,0.00,0.00,0.00,0.00,-,0.00,0.00,3.97,0.00,0.02,0.00
Caruru,Miscelâneas,100,33.00,6.09,3.26,0.60,4.56,0.00,0.10,0.00,0.31,0.00,0.00,0.00,441.00,120.00,0.82,70.90,3.41,10.50,142.00,0.36,4.62,1.23,890.00,0.00,0.07,0.00,-,0.07,0.00,64.60,0.00,0.00,2.19
Catchup,Miscelâneas,100,128.00,29.80,1.74,0.31,0.30,0.00,0.04,0.05,0.13,0.12,0.00,0.00,18.00,19.00,0.13,33.00,0.51,1114.00,382.00,0.18,0.26,0.30,0.00,0.10,0.13,1.43,-,0.15,0.00,10.00,0.00,1.46,15.10
Chantily em pó,Miscelâneas,100,490.00,75.30,3.30,19.50,1.00,0.00,11.30,5.81,0.24,0.50,0.21,3.28,2.05,1.02,0.00,294.00,0.27,126.00,684.00,0.00,0.07,0.00,0.00,0.00,0.00,0.00,-,0.00,0.00,0.00,0.00,0.75,0.00
Coco (água),Miscelâneas,100,20.00,5.28,0.00,0.00,0.13,0.00,0.00,0.00,0.00,0.00,0.00,0.00,18.80,5.16,0.25,3.76,0.00,1.78,161.00,0.00,0.00,0.00,0.00,0.00,0.00,0.00,-,0.00,0.00,3.44,0.00,0.00,2.41
Coco (leite),Miscelâneas,100,178.00,2.19,1.01,18.40,0.00,0.00,15.60,0.90,0.20,0.23,0.00,0.00,5.85,16.80,0.24,25.50,0.46,44.30,143.00,0.16,0.32,0.00,0.00,0.00,0.00,0.00,-,0.00,0.00,11.40,0.00,0.00,0.00
Coxinha de frango,Miscelâneas,100,273.00,34.50,9.61,11.80,4.97,0.00,2.60,3.40,4.70,4.72,0.59,0.58,18.30,16.80,0.28,92.50,3.24,532.00,166.00,0.09,0.51,0.00,35.40,0.09,0.00,2.60,-,0.00,0.06,75.20,0.00,3.98,0.00
Cream chesse,Miscelâneas,100,232.00,1.97,6.00,22.30,0.00,70.00,14.00,6.28,0.80,-,-,0.00,53.90,4.55,0.00,69.10,0.86,330.00,85.00,0.01,0.39,2.05,234.00,0.02,0.14,0.72,-,0.03,0.30,9.11,0.39,0.60,0.00
Cuscuz de milho,Miscelâneas,100,112.00,25.30,2.16,0.68,2.05,0.00,0.20,0.20,0.30,0.08,0.00,0.00,1.54,2.72,0.02,23.20,0.17,247.00,10.90,0.00,0.20,1.18,4.61,0.00,0.00,0.00,-,0.06,0.00,65.70,0.00,0.07,0.00
Doce de leite cremoso,Miscelâneas,100,316.00,58.80,6.12,6.26,0.00,20.90,1.37,4.03,2.04,0.13,0.08,0.00,195.00,16.30,0.01,140.00,0.07,120.00,259.00,0.02,0.53,2.75,38.20,0.05,0.26,0.00,-,0.00,0.32,11.20,0.17,0.17,0.00
Ervilha (lata),Miscelâneas,100,93.00,19.20,5.67,0.39,4.75,0.00,0.10,0.10,0.21,0.13,0.03,0.00,20.90,23.00,0.29,72.60,1.56,383.00,145.00,0.17,1.09,1.80,4.58,0.09,0.04,0.00,-,0.00,0.00,46.70,0.00,0.19,6.33
Estrogonofe de carne,Miscelâneas,100,169.00,2.98,15.00,10.80,0.00,66.20,5.26,3.32,0.86,-,-,0.27,28.30,21.50,0.03,185.00,2.70,122.00,322.00,0.14,2.04,0.00,0.00,0.06,0.05,3.25,-,0.00,0.22,62.90,0.00,0.96,0.00
Estrogonofe de frango,Miscelâneas,100,152.00,2.59,17.60,7.96,0.00,80.00,3.69,2.24,1.01,-,-,0.20,26.00,24.80,0.03,195.00,1.52,99.50,307.00,0.12,0.58,0.00,0.00,0.07,0.04,3.37,-,0.03,0.00,0.00,0.00,0.00,0.00
Fermento biológico,Miscelâneas,100,103.00,7.70,17.00,1.52,4.17,0.00,0.19,0.84,0.00,-,-,0.00,18.00,38.40,0.20,418.00,2.62,39.60,576.00,0.29,11.00,0.00,0.00,0.30,0.36,0.00,-,0.00,0.01,711.00,0.00,0.00,0.00
Fermento químico,Miscelâneas,100,757.00,7.08,43.90,0.48,0.07,48.50,0.00,0.01,0.00,-,-,0.02,0.00,10052.00,10005.00,28.70,4291.00,8.09,6804.00,0.71,0.42,0.02,0.00,0.00,0.00,0.00,-,0.00,0.00,0.00,0.00,0.00,0.00
Figo (lata),Miscelâneas,100,200.00,50.30,0.56,0.15,1.98,0.00,0.03,0.03,0.07,-,-,0.00,32.60,6.85,0.16,6.25,0.50,6.87,39.30,0.25,0.09,0.49,3.54,0.00,0.00,0.00,-,0.00,0.00,14.70,0.00,0.05,5.24
Gelatina de abacaxi,Miscelâneas,100,396.00,92.50,6.60,0.00,0.00,0.00,0.00,0.00,0.00,0.00,0.00,0.00,26.90,2.31,0.03,2.00,0.33,235.00,7.27,0.00,0.00,0.00,0.00,0.00,0.00,0.00,-,0.00,0.00,3.01,0.00,0.00,40.10
Gelatina de cereja,Miscelâneas,100,392.00,89.30,8.86,0.00,0.08,0.00,0.00,0.00,0.00,0.00,0.00,0.00,26.80,2.30,0.03,1.99,0.33,234.00,7.24,0.00,0.00,0.00,0.00,0.00,0.00,0.00,-,0.00,0.00,2.99,0.00,0.00,39.90
Gelatina de framboesa,Miscelâneas,100,394.00,90.50,7.80,0.10,0.00,0.00,0.00,0.00,0.00,0.00,0.00,0.00,26.80,2.30,0.03,1.98,0.33,234.00,7.23,0.00,0.00,0.00,0.00,0.00,0.00,0.00,-,0.00,0.00,2.99,0.00,0.00,39.90
Gelatina de limão,Miscelâneas,100,394.00,91.80,6.10,0.30,0.00,0.00,0.00,0.00,0.00,0.00,0.00,0.00,26.70,2.30,0.03,1.98,0.33,233.00,7.21,0.00,0.00,0.00,0.00,0.00,0.00,0.00,-,0.00,0.00,2.98,0.00,0.00,39.80
Gelatina de maracujá,Miscelâneas,100,392.00,89.30,8.86,0.00,0.08,0.00,0.00,0.00,0.00,0.00,0.00,0.00,26.80,2.30,0.03,1.99,0.33,234.00,7.24,0.00,0.00,0.00,0.00,0.00,0.00,0.00,-,0.00,0.00,2.99,0.00,0.00,39.90
Gelatina de morango,Miscelâneas,100,393.00,91.40,7.00,0.00,0.00,0.00,0.00,0.00,0.00,0.00,0.00,0.00,26.80,2.30,0.03,1.98,0.33,234.00,7.23,0.00,0.00,0.00,0.00,0.00,0.00,0.00,-,0.00,0.00,2.99,0.00,0.00,39.90
Gelatina de pêssego,Miscelâneas,100,392.00,88.20,9.90,0.00,0.00,0.00,0.00,0.00,0.00,0.00,0.00,0.00,26.70,2.30,0.03,1.98,0.33,233.00,7.21,0.00,0.00,0.00,0.00,0.00,0.00,0.00,-,0.00,0.00,2.98,0.00,0.00,39.80
Gelatina de tutti-fruti,Miscelâneas,100,396.00,89.00,9.60,0.20,0.00,0.00,0.00,0.00,0.00,0.00,0.00,0.00,26.90,2.31,0.03,1.99,0.33,235.00,7.26,0.00,0.00,0.00,0.00,0.00,0.00,0.00,-,0.00,0.00,3.00,0.00,0.00,40.00
Gelatina de uva,Miscelâneas,100,391.00,88.30,9.30,0.10,0.00,0.00,0.00,0.00,0.00,0.00,0.00,0.00,26.60,2.29,0.03,1.97,0.33,232.00,7.18,0.00,0.00,0.00,0.00,0.00,0.00,0.00,-,0.00,0.00,2.97,0.00,0.00,39.60
Geleia de abacaxi,Miscelâneas,100,275.00,68.50,0.26,0.25,1.08,0.00,0.06,0.01,0.05,0.00,0.00,0.00,6.90,5.92,0.00,5.92,0.19,29.60,53.20,0.00,0.03,0.00,0.00,0.00,0.03,0.04,-,0.02,0.00,1.97,0.00,0.00,0.89
Geleia de framboesa,Miscelâneas,100,282.00,70.30,0.50,0.45,2.37,0.00,0.11,0.02,0.09,0.00,0.00,0.00,7.13,6.11,0.00,6.11,0.19,30.50,55.00,0.00,0.03,0.00,0.00,0.00,0.03,0.04,-,0.02,0.00,2.04,0.00,0.00,0.92
Geleia de goiaba,Miscelâneas,100,257.00,65.70,0.31,0.27,4.21,0.00,0.07,0.01,0.05,0.00,0.00,0.00,6.64,5.69,0.00,5.69,0.18,28.40,51.20,0.00,0.03,0.00,0.00,0.00,0.02,0.03,-,0.02,0.00,1.90,0.00,0.00,0.85
Geleia de laranja,Miscelâneas,100,271.00,67.30,0.39,0.32,0.99,0.00,0.08,0.02,0.06,0.00,0.00,0.00,6.80,5.83,0.00,5.83,0.18,29.20,52.50,0.00,0.03,0.00,0.00,0.00,0.03,0.03,-,0.02,0.00,1.94,0.00,0.00,0.87
Geleia de mocotó,Miscelâneas,100,106.00,24.20,2.13,0.07,0.00,0.00,0.00,0.00,0.00,0.00,0.00,0.00,3.52,0.75,0.00,0.00,0.12,42.70,2.01,0.00,0.00,0.00,0.00,0.19,0.00,0.00,-,0.22,0.00,0.00,0.00,0.00,0.00
Geleia de morango,Miscelâneas,100,249.00,63.00,0.32,0.29,3.23,0.00,0.07,0.01,0.06,0.00,0.00,0.00,6.36,5.45,0.00,5.45,0.17,27.30,49.10,0.00,0.03,0.00,0.00,0.00,0.02,0.03,-,0.02,0.00,1.82,0.00,0.00,0.82
Geleia de uva,Miscelâneas,100,253.00,64.20,0.30,0.23,3.37,0.00,0.06,0.01,0.05,0.00,0.00,0.00,6.48,5.55,0.00,5.55,0.18,27.80,50.00,0.00,0.03,0.00,0.00,0.00,0.02,0.03,-,0.02,0.00,1.85,0.00,0.00,0.83
Glicose (milho),Miscelâneas,100,317.00,79.40,0.00,0.00,0.00,0.00,0.00,0.00,0.00,-,-,0.00,5.67,1.90,0.00,4.78,0.05,0.00,5.06,0.00,0.00,0.00,0.00,0.01,0.01,0.02,-,0.01,0.00,0.00,0.00,0.00,0.00
Goma de mascar,Miscelâneas,100,383.00,97.00,0.00,0.00,2.40,0.00,0.04,0.08,0.14,0.00,0.00,0.00,0.00,0.00,0.00,0.00,0.00,1.00,2.00,0.00,0.00,0.60,0.00,0.00,0.00,0.00,-,0.00,0.00,0.00,0.00,0.00,0.00
Guaraná em pó,Miscelâneas,100,376.00,71.60,16.50,2.76,0.00,0.00,0.00,0.00,0.00,-,-,0.00,0.00,0.00,0.00,0.00,0.00,0.00,0.00,0.00,0.00,0.00,0.00,0.00,0.00,0.00,-,0.00,0.00,0.00,0.00,0.00,0.00
Hamburguer bovino (frito),Miscelâneas,100,258.00,6.32,20.00,17.00,0.00,48.90,5.90,6.00,3.70,0.30,0.05,0.44,62.40,59.70,0.52,324.00,3.02,1251.00,660.00,0.17,3.18,0.00,0.00,0.13,0.06,2.73,-,0.00,2.99,10.20,0.00,0.13,0.00
Hamburguer frango (cru),Miscelâneas,100,226.00,1.20,15.00,18.00,0.00,111.00,4.90,6.53,4.25,1.96,0.15,0.26,39.30,22.60,0.00,212.00,1.57,930.00,240.00,0.00,3.27,0.00,43.10,0.08,0.21,6.04,-,0.58,1.55,7.14,0.57,0.11,0.00
Hamburguer de soja (cru),Miscelâneas,100,73.00,7.33,6.77,3.42,6.89,2.71,0.78,0.97,1.10,0.30,0.05,0.00,69.50,28.60,0.49,105.00,1.23,600.00,170.00,0.10,0.64,11.50,0.45,1.35,0.12,1.92,-,0.15,1.00,63.40,0.00,12.50,2.30
Lasanha (ind.),Miscelâneas,100,132.00,13.70,5.77,6.39,1.50,22.10,3.05,2.28,0.56,0.27,0.06,0.25,82.90,18.80,0.00,108.00,0.67,351.00,184.00,0.00,0.82,0.00,53.20,0.07,0.08,1.44,-,0.11,0.39,33.90,0.00,1.36,2.35
Maçã do amor,Miscelâneas,100,113.00,28.10,0.30,0.42,1.76,0.00,0.17,0.00,0.00,-,-,0.00,12.90,17.10,0.32,19.80,0.39,2.43,381.00,0.05,0.02,0.09,0.00,0.02,0.00,0.00,-,0.01,0.00,2.95,0.00,0.45,1.65
Maionese,Miscelâneas,100,306.00,7.90,0.58,30.50,0.00,42.50,4.10,6.40,15.40,11.62,1.54,0.17,3.48,0.86,0.00,14.50,0.10,786.00,16.10,0.00,0.06,0.00,6.52,0.00,0.05,0.00,-,0.00,0.05,2.08,0.08,1.34,0.00
Maniçoba,Miscelâneas,100,127.00,3.40,9.96,8.70,2.16,42.80,2.89,3.68,1.67,1.95,0.21,0.04,66.00,23.70,0.60,54.90,3.22,406.00,147.00,0.16,2.03,0.00,111.00,0.04,0.07,2.58,-,0.05,0.00,0.00,0.00,0.00,0.00
Milk shake,Miscelâneas,100,112.00,21.80,2.84,5.86,3.49,9.13,1.29,0.59,0.08,0.16,0.09,0.00,97.00,14.30,0.05,76.20,0.09,75.30,141.00,0.06,0.47,2.98,38.90,0.03,0.19,0.75,-,0.02,0.31,4.56,0.01,0.05,0.36
Molho agridoce,Miscelâneas,100,132.00,32.20,0.40,0.40,0.90,0.00,0.00,0.00,0.00,-,-,0.00,8.41,6.73,0.00,5.88,0.18,311.00,83.20,0.00,0.08,0.00,20.00,0.04,0.02,0.16,-,0.04,0.00,6.73,0.00,0.20,7.31
Molho (alho),Miscelâneas,100,39.00,7.97,1.30,0.25,0.00,0.00,0.09,0.00,0.00,-,-,0.00,27.90,0.00,0.00,0.00,0.75,367.00,283.00,283.00,0.00,0.00,0.00,0.00,0.00,0.00,-,0.00,0.00,0.00,0.00,0.00,0.81
Molho barbecue,Miscelâneas,100,175.00,42.90,0.40,0.40,0.90,0.00,0.02,0.00,0.00,-,-,0.00,48.40,0.00,0.00,0.00,0.81,1278.00,254.00,0.00,0.00,0.00,6.45,0.00,0.00,0.00,-,0.00,0.00,0.00,0.00,0.43,0.21
Molho branco,Miscelâneas,100,155.00,12.20,4.06,10.10,0.19,29.70,6.10,2.68,0.28,-,-,0.22,119.00,12.80,0.04,99.00,0.40,70.50,154.00,0.04,0.49,5.82,130.00,0.06,0.25,1.65,-,0.00,0.40,0.00,1.31,0.13,0.00
Molho holandês,Miscelâneas,100,582.00,1.51,5.35,61.70,0.15,530.00,34.00,17.00,2.17,-,-,1.73,43.20,4.94,0.05,128.00,0.96,16.60,40.80,0.03,0.92,11.40,766.00,0.08,0.07,0.00,-,0.00,0.72,48.60,1.97,4.74,2.86
Molho inglês,Miscelâneas,100,77.00,19.50,0.00,0.00,0.00,0.00,0.00,0.00,0.00,-,-,0.00,107.00,13.00,0.00,60.00,5.30,980.00,800.00,0.20,0.19,0.50,5.00,0.07,0.13,0.70,-,0.00,0.00,8.00,0.00,0.08,13.00
Molho italiano,Miscelâneas,100,426.00,8.95,1.31,42.80,0.00,0.00,5.98,11.40,21.80,-,-,0.14,20.30,7.79,0.00,23.40,0.41,1547.00,130.00,0.00,0.11,0.00,4.05,0.03,0.00,0.20,-,0.10,0.00,0.00,0.00,4.44,0.62
Molho mostarda (caseiro),Miscelâneas,100,197.00,9.98,1.52,17.00,0.18,46.50,8.28,3.58,0.34,0.44,0.46,0.44,66.60,10.00,0.04,91.90,0.33,259.00,172.00,0.06,0.28,0.10,0.17,0.05,0.10,0.29,-,0.03,0.08,4.88,0.74,0.73,6.84
Molho mostarda,Miscelâneas,100,60.00,5.83,3.74,3.34,4.00,0.00,0.21,2.18,0.77,0.44,0.46,0.01,63.00,48.00,0.42,108.00,1.61,1104.00,152.00,0.07,0.64,33.50,0.00,0.18,0.07,0.56,-,0.07,0.00,7.00,0.00,0.36,0.30
Molho parmesão,Miscelâneas,100,543.00,6.91,3.68,56.00,1.40,122.00,25.30,16.10,10.90,-,-,0.00,435.00,21.30,0.00,371.00,0.50,1960.00,71.00,0.00,2.32,0.00,336.00,0.01,0.27,0.06,-,0.04,0.33,9.47,0.00,0.00,0.95
Molho pimenta,Miscelâneas,100,8.00,1.85,0.47,0.00,0.44,0.00,0.00,0.00,0.00,-,-,0.00,23.30,5.29,0.00,11.60,0.51,2795.00,152.00,0.00,0.12,0.00,0.11,0.04,0.09,0.27,-,0.17,0.00,6.35,0.00,0.00,79.10
Molho rosê,Miscelâneas,100,254.00,24.00,1.43,17.00,0.00,12.60,2.47,3.82,8.83,-,-,0.00,14.20,6.67,0.00,22.50,0.98,801.00,89.20,0.00,0.22,0.00,6.79,1.20,0.05,0.35,-,0.00,0.00,0.00,0.00,1.94,0.00
Molho soja,Miscelâneas,100,58.00,30.50,2.82,0.04,0.01,0.00,0.01,0.01,0.02,0.02,0.00,0.00,14.60,23.70,0.07,47.10,0.50,5032.00,165.00,0.00,0.19,0.00,0.00,0.83,0.06,2.10,-,0.15,0.00,4.12,0.00,0.00,0.00
Molho shoyu,Miscelâneas,100,59.00,29.50,3.47,0.24,1.75,0.00,0.03,0.04,0.11,0.02,0.00,0.00,14.50,23.60,0.06,47.00,0.50,5024.00,165.00,0.00,0.19,0.00,0.00,0.83,0.06,2.10,-,0.15,0.00,14.90,0.00,0.00,0.00
Molho teryaki,Miscelâneas,100,92.00,21.40,0.79,0.40,0.10,0.00,0.00,0.00,0.00,-,-,0.00,24.30,59.30,0.00,149.00,1.65,3723.00,218.00,0.00,0.10,0.00,0.00,0.03,0.07,1.23,-,0.10,0.00,7.77,0.00,0.00,0.00
Molho vinagrete,Miscelâneas,100,100.00,5.79,0.87,8.47,1.00,0.00,1.27,6.32,0.83,-,-,0.02,23.00,8.40,0.30,20.70,0.52,3.27,176.00,0.05,0.56,0.15,50.90,0.04,0.02,0.06,-,0.09,0.00,20.10,0.00,1.70,9.50
Mortadela,Miscelâneas,100,268.00,16.10,13.70,16.60,0.00,82.80,6.12,8.12,4.68,2.48,0.44,0.00,51.30,20.10,0.13,245.00,1.45,1354.00,245.00,0.12,2.18,0.00,0.00,0.14,0.06,3.00,-,0.00,1.89,6.23,0.54,0.00,0.83
Palmito (conserva),Miscelâneas,100,25.00,4.69,2.44,0.34,3.12,0.00,0.09,0.00,0.09,0.18,0.02,0.00,45.40,29.60,5.48,47.60,0.24,538.00,225.00,0.15,0.52,0.60,0.00,0.05,0.02,0.00,-,0.00,0.00,38.50,0.00,0.00,5.32
Patê,Miscelâneas,100,224.00,2.79,8.65,19.90,0.00,47.40,6.53,9.19,3.45,2.45,0.14,0.00,10.30,12.80,0.00,153.00,0.76,1378.00,192.00,0.00,1.41,0.00,0.00,0.56,0.15,2.69,-,0.19,0.97,1.28,0.90,2.23,0.00
Petit gateau,Miscelâneas,100,445.00,37.50,8.51,30.20,4.96,184.00,16.40,9.05,1.24,-,-,0.26,46.10,65.70,0.27,198.00,3.73,46.90,247.00,0.03,1.15,5.75,60.50,0.06,0.08,0.53,-,0.02,0.40,19.50,0.82,2.14,0.01
Picolé (ind.),Miscelâneas,100,80.00,19.70,0.00,0.24,0.00,0.00,0.20,0.04,0.20,0.02,0.00,0.00,5.00,3.00,0.00,2.00,0.30,13.00,23.00,0.00,0.07,0.00,0.00,0.00,0.00,0.00,-,0.00,0.00,0.00,0.00,0.00,1.20
Pizza,Miscelâneas,100,326.00,62.60,9.37,4.72,1.99,16.80,1.61,1.03,1.43,-,-,0.09,39.30,26.40,0.36,114.00,4.48,637.00,154.00,0.12,0.81,6.32,26.80,0.19,0.07,1.01,-,0.00,0.11,153.00,0.07,0.61,0.00
Presunto,Miscelâneas,100,126.00,1.50,16.50,6.00,0.00,35.00,1.72,2.29,0.88,1.62,0.16,0.01,13.20,18.00,0.04,289.00,0.72,1077.00,310.00,0.04,1.40,0.00,0.00,0.55,0.03,3.35,-,0.00,0.35,5.88,0.49,0.06,3.36
Purê de batata,Miscelâneas,100,68.00,11.60,1.67,1.97,1.27,2.23,0.79,0.46,0.57,-,-,0.00,22.50,6.60,0.06,36.60,0.19,14.20,223.00,0.05,0.24,1.03,8.78,0.05,0.04,0.26,-,0.07,0.06,4.62,0.00,0.06,3.18
Refrigerante,Miscelâneas,100,38.00,9.73,0.00,0.00,0.00,0.00,0.00,0.00,0.00,0.00,0.00,0.00,1.59,0.35,0.00,3.66,0.00,8.12,4.71,0.00,0.00,0.10,0.00,0.00,0.00,0.00,-,0.00,0.00,0.00,0.00,0.00,0.00
Sal rosa,Miscelâneas,100,0.00,0.00,0.00,0.00,0.00,0.00,0.00,0.00,0.00,-,-,0.00,160.00,106.00,0.00,0.00,3.69,36800.00,280.00,0.00,0.40,0.00,0.00,0.00,0.00,0.00,-,0.00,0.00,0.00,0.00,0.00,0.00
Sal dietético,Miscelâneas,100,0.00,0.00,0.00,0.00,0.00,0.00,0.00,0.00,0.00,-,-,0.00,0.00,0.00,0.00,0.00,0.00,23431.00,20467.00,0.00,0.00,0.00,0.00,0.00,0.00,0.00,-,0.00,0.00,0.00,0.00,0.00,0.00
Sal grosso,Miscelâneas,100,0.00,0.00,0.00,0.00,0.00,0.00,0.00,0.00,0.00,-,-,0.00,23.90,1.00,0.00,0.00,0.33,39943.00,5.99,0.00,0.10,0.00,0.00,0.00,0.00,0.00,-,0.00,0.00,0.00,0.00,0.00,0.00
Sal refinado,Miscelâneas,100,0.00,0.00,0.00,0.00,0.00,0.00,0.00,0.00,0.00,-,-,0.00,23.90,1.00,0.10,0.00,0.33,39943.00,7.98,0.03,0.10,0.10,0.00,0.00,0.00,0.00,-,0.00,0.00,0.00,0.00,0.00,0.00
Salame (porco),Miscelâneas,100,401.00,2.45,26.00,31.90,0.00,85.10,9.57,12.10,4.67,2.26,0.13,0.10,58.50,30.00,0.26,361.00,1.51,1919.00,545.00,0.18,6.53,770.00,1.01,0.88,0.23,12.50,-,0.00,0.12,0.00,0.91,0.65,0.00
Salgadinho (snack de trigo),Miscelâneas,100,477.00,66.80,7.70,20.70,3.40,1.00,9.08,7.80,2.60,4.72,0.59,0.16,41.00,24.00,0.95,198.00,1.12,609.00,156.00,0.14,0.81,17.40,0.00,0.18,0.04,0.40,-,0.04,0.00,29.00,0.00,4.13,6.00
Salada cozida,Miscelâneas,100,29.00,7.23,0.79,0.13,1.68,0.00,0.02,0.00,0.06,-,-,0.00,9.61,7.53,0.06,18.90,0.15,3.16,174.00,0.02,0.15,0.26,110.00,0.04,0.00,0.58,-,0.04,0.00,9.87,0.00,0.39,3.32
Salada crua,Miscelâneas,100,19.00,4.29,1.19,0.15,1.77,0.00,0.08,0.02,0.06,-,-,0.00,17.50,11.20,0.16,26.60,0.42,2.95,226.00,0.06,0.20,0.17,80.00,0.08,0.04,0.28,-,0.06,0.00,19.60,0.00,0.29,14.30
Salsicha,Miscelâneas,100,218.00,7.67,13.80,14.70,0.00,43.90,4.37,6.50,2.51,2.55,0.29,0.00,34.00,19.30,0.84,221.00,2.86,1194.00,190.00,0.26,2.75,6.00,0.00,0.05,0.14,0.11,-,0.15,1.41,5.38,0.51,0.11,0.00
Sanduíche vegetariano,Miscelâneas,100,127.00,19.80,5.20,3.73,2.93,8.73,1.94,0.98,0.39,-,-,0.07,58.90,27.70,0.60,87.40,1.28,215.00,180.00,0.08,0.68,1.97,52.50,0.06,0.06,0.17,-,0.07,0.04,45.80,0.05,0.95,25.20
Soja (bebida),Miscelâneas,100,55.00,9.67,1.76,1.16,0.12,0.00,0.20,0.30,0.60,-,-,0.01,16.50,15.50,0.15,52.90,0.43,56.50,121.00,0.08,0.28,0.45,0.00,0.00,0.00,0.00,-,0.00,0.00,60.30,0.00,0.00,0.00
Sorvete (ind.),Miscelâneas,100,209.00,26.60,3.50,10.10,0.93,35.70,6.26,3.09,0.43,0.27,0.17,0.00,120.00,14.00,0.08,100.00,0.21,60.00,188.00,0.04,0.34,1.90,110.00,0.05,0.26,0.17,-,0.05,0.30,12.00,0.20,0.30,7.70
Sushi,Miscelâneas,100,170.00,23.30,9.63,5.29,4.46,20.30,2.03,1.40,1.34,0.07,0.02,0.01,20.00,55.40,0.80,127.00,5.19,284.00,557.00,0.14,0.67,1.05,251.00,0.09,0.23,1.56,-,0.05,4.32,152.00,2.25,0.59,0.59
Tapioca,Miscelâneas,100,288.00,71.90,0.36,0.00,0.20,0.00,0.00,0.00,0.00,0.00,0.00,0.00,22.70,3.40,0.07,6.94,0.42,1.31,31.20,0.00,0.00,0.00,0.00,0.00,0.00,0.00,-,0.00,0.00,0.00,0.00,0.00,0.00
Tomate (ind.),Miscelâneas,100,61.00,13.50,2.72,0.29,2.80,0.00,0.06,0.04,0.10,0.08,0.00,0.00,27.80,28.10,0.17,45.10,2.00,476.00,650.00,0.19,0.35,3.89,70.70,0.00,0.00,2.32,-,0.11,0.00,8.82,0.00,2.70,17.20
Tremoço (conserva),Miscelâneas,100,108.00,14.80,11.10,3.78,14.40,0.00,0.40,1.90,0.60,-,-,0.00,15.50,3.52,0.00,39.70,0.34,1808.00,5.20,0.27,0.64,0.00,0.00,0.00,0.00,0.00,-,0.00,0.00,65.90,0.00,0.00,0.00
Vinagre (arroz),Miscelâneas,100,47.00,11.80,0.20,0.00,0.00,0.00,0.00,0.00,0.00,-,-,0.00,2.00,6.00,0.00,15.00,0.10,12.00,16.00,0.00,0.20,0.00,0.00,0.01,0.01,0.30,-,0.02,0.10,0.00,0.00,0.00,0.00
Vinagre (balsâmico),Miscelâneas,100,92.70,22.70,0.49,0.00,0.00,0.00,0.00,0.00,0.00,-,-,0.00,27.00,12.00,0.13,19.00,0.72,23.00,112.00,0.03,0.08,0.00,0.00,0.00,0.00,0.00,-,0.00,0.00,0.00,0.00,0.00,0.00
Vinagre (maçã),Miscelâneas,100,24.00,6.02,0.00,0.00,0.00,0.00,0.00,0.00,0.00,-,-,0.00,7.00,5.00,0.25,8.00,0.20,5.00,73.00,0.00,0.94,0.10,0.00,0.00,0.00,0.00,-,0.00,0.00,0.00,0.00,0.00,0.00
Vinho,Miscelâneas,100,94.00,12.70,0.11,0.05,0.27,0.00,0.02,0.00,0.01,0.00,0.00,0.00,12.50,8.15,0.49,6.69,0.49,3.27,89.30,0.04,0.07,0.15,0.16,0.00,0.02,0.11,-,0.03,0.00,0.83,0.00,0.05,0.10
Xarope (frutas),Miscelâneas,100,260.00,65.10,0.00,0.00,0.00,0.00,0.00,0.00,0.00,-,-,0.00,0.00,1.00,0.00,0.00,0.03,0.00,1.00,0.01,0.06,0.40,0.00,0.01,0.01,0.00,-,0.00,0.00,0.00,0.00,0.00,0.00
Xarope (maple),Miscelâneas,100,268.00,67.00,0.04,0.06,0.00,0.00,0.01,0.01,0.02,-,-,0.00,102.00,21.00,2.91,2.00,0.11,12.00,212.00,0.02,1.47,0.60,0.00,0.07,1.27,0.08,-,0.00,0.00,0.00,0.00,0.00,0.00
Yakisoba,Miscelâneas,100,122.00,18.30,7.52,2.61,1.06,14.90,0.58,0.87,0.99,15.35,1.98,0.01,13.90,13.30,0.15,83.00,0.62,793.00,158.00,0.06,0.68,9.84,31.00,0.16,0.00,2.09,-,0.00,0.00,0.00,0.00,0.40,0.00
